,Tour Leg,Night #,City,Day,Date,Show,Special Guest,Announcement,Mishap?,Notes,Lover Bodysuit,The Man Jacket,Mic1,Lover Guitar,Mic2,Fearless Dress,Guitar,Mic3,Red Shirt,Mic4,Romper,WANEGBT Chant (Kam),ATW Robe,Guitar,Mic5,Speak Now Gown,Koi Fish Guitar,Mic6,Rep Jumpsuit,Mic7,folklore Dress,evermore Dress,Standing Ovation,Cloak,Mic8,Old 1989 Set,New 1989 Top,New 1989 Skirt,L Boot,R Boot,Match?,Mic9,TTPD Dress,Gloves,Choker,Mic10,Smallest Man,Broken Heart Set,Broken Heart Jacket,Mic11,Fur,Midnights Shirt,Midnights Bodysuit,Karma Jacket,Mic12,Surprise Song Dress,Speech?,Mic13,Guitar Surprise Song Album 1,Song 1,Guitar Surprise Song Album 2,Song 2,Guitar Surprise Song Album 3,Song 3,Speech?,Mic14,Piano Surprise Song Album 1,P Song 1,Piano Surprise Song Album 2,P Song 2,Piano Surprise Song Album 3,P Song 3
0,US Leg,1,"Glendale, AZ",Friday,3/17/2023,1,No,No,No Data,Opening Day!,Pink & Blue,Silver Jacket,Blurple Sparkles,Purple Guitar,Pastel,Short Fringe,Sparkly 13,Gold & Black,A Lot Going On,Red & Black,Red/Black,LIKE EVER,Red Black Ombre,Red,Black Sparkles,Champagne,,Purple Metallic,Red & Black,Snake,Purple,Orange,:15,Green,Wood Grain,Pink,Pink,,Pink,,Matching Set,Blue Ombre,,,,,,,,,Purple Fur,Silver,Lines,Multicolor,Navy Sparkles,Maroon,Yes,Maroon,folklore,mirrorball,,,,,Yes,Gold,Debut,Tim McGraw,,,,
1,US Leg,2,"Glendale, AZ",Saturday,3/18/2023,2,No,No,No Data,,Blue & Gold,Black Jacket,Blurple Sparkles,Blue Guitar,Pastel,Long Gold,Sparkly 13,Gold & Black,Ew,Red & Black,Red/Black,LIKE EVER,Red Black Ombre,Red,Black Sparkles,Pink,,Purple Metallic,Red & Black,Snake,Cream,Orange,1:28,Green,Wood Grain,Green,Green,,Green,,Matching Set,Blue Ombre,,,,,,,,,Purple Fur,Blue,Lines,Magenta,Navy Sparkles,Green,Yes,Maroon,folklore,this is me trying,,,,,Yes,Gold,Red,State of Grace,,,,
2,US Leg,1,"Las Vegas, NV",Friday,3/24/2023,3,No,No,No Data,,Pink & Blue,Silver Jacket,Blurple Sparkles,Purple Guitar,Pastel,Short Fringe,Sparkly 13,Gold & Black,A Lot Going On,Red & Black,Red/Black,LIKE EVER,Red Black Ombre,Red,Black Sparkles,Champagne,,Purple Metallic,Red & Black,Snake,Pink,Orange,1:43,Green,Wood Grain,Pink,Pink,,Pink,,Matching Set,Blue Ombre,,,,,,,,,Purple Fur,Silver,Swirls,Multicolor,Navy Sparkles,Maroon,Yes,Maroon,Debut,Our Song,,,,,Yes,Gold,Midnights,Snow on the Beach,,,,
3,US Leg,2,"Las Vegas, NV",Saturday,3/25/2023,4,Yes,No,No Data,Special Guest Marcus Mumford to sing cowboy like me,Blue & Gold,Black Jacket,Blurple Sparkles,Pink Guitar,Pastel,Long Gold,Sparkly 13,Gold & Black,Ew,Red & Black,Red/Black,LIKE EVER,Red Black Ombre,Red,Black Sparkles,Pink,,Purple Metallic,Red & Black,Snake,Purple,Orange,1:12,Green,Wood Grain,Green,Green,,Green,,Matching Set,Blue Ombre,,,,,,,,,Purple Fur,Blue,Lines,Light Pink,Navy Sparkles,Green,Yes,Maroon,evermore,cowboy like me,,,,,Yes,Gold,Fearless,White Horse,,,,
4,US Leg,1,"Arlington, TX",Friday,3/31/2023,5,No,No,No Data,"""the 1"" added to setlist! (until Nashville N2)",Blue & Gold,Black Jacket,Blurple Sparkles,Blue Guitar,Pastel,Long Gold,Sparkly 13,Gold & Black,Never Ever,Red & Black,Red/Black,LIKE EVER,Red Black Ombre,Red,Black Sparkles,Champagne,,Purple Metallic,Red & Black,Snake,Cream,Orange,:44,Green,Wood Grain,Green,Green,,Green,,Matching Set,Blue Ombre,,,,,,,,,Purple Fur,Pink,Swirls,Multicolor,Navy Sparkles,Green,Yes,Maroon,Red,Sad Beautiful Tragic,,,,,Yes,Gold,Speak Now,Ours,,,,
5,US Leg,2,"Arlington, TX",Saturday,4/1/2023,6,No,No,Yes,,Pink & Blue,Silver Jacket,Blurple Sparkles,Purple Guitar,Pastel,Short Fringe,Sparkly 13,Gold & Black,Ew,Red & Black,Red/Black,LIKE EVER,Red Black Ombre,Black,Black Sparkles,Pink,,Purple Metallic,Red & Black,Snake,Purple,Orange,:36,Green,Wood Grain,Pink,Pink,,Pink,,Matching Set,Blue Ombre,,,,,,,,,Purple Fur,Purple,Lines,Magenta,Navy Sparkles,Maroon,Yes,Maroon,Lover,Death by a Thousand Cuts,,,,,Yes,Gold,1989,Clean,,,,
6,US Leg,3,"Arlington, TX",Sunday,4/2/2023,7,No,No,No Data,,Blue & Gold,Black Jacket,Blurple Sparkles,Pink Guitar,Pastel,Long Gold,Sparkly 13,Gold & Black,A Lot Going On,Red & Black,Red/Black,LIKE EVER,Red Black Ombre,Black,Black Sparkles,Champagne,,Purple Metallic,Red & Black,Snake,Pink,Orange,1:14,Green,Wood Grain,Green,Green,,Green,,Matching Set,Blue Ombre,,,,,,,,,Purple Fur,Silver,Swirls,Light Pink,Navy Sparkles,Green,Yes,Maroon,Fearless,Jump Then Fall,,,,,Yes,Gold,Red,The Lucky One,,,,
7,US Leg,1,"Tampa, FL ",Thursday,4/13/2023,8,No,No,No Data,"Red Era Intro switch from ""Everything Has Changed"" to ""Holy Ground""",Pink & Blue,Silver Jacket,Blurple Sparkles,Pink Guitar,Pastel,Short Fringe,Sparkly 13,Gold & Black,Ew,Red & Black,Red/Black,LIKE EVER,Red Black Ombre,Black,Black Sparkles,Tissue Flower,,Purple Metallic,Red & Black,Snake,Green,Orange,1:30,Green,Wood Grain,Orange,Orange,,Orange,,Matching Set,Blue Ombre,,,,,,,,,Purple Fur,Purple,Swirls,Multicolor,Navy Sparkles,Yellow,Yes,Maroon,Speak Now,Speak Now,,,,,Yes,Gold,Red,Treacherous,,,,
8,US Leg,2,"Tampa, FL ",Friday,4/14/2023,9,Yes,No,No Data,Special Guest Aaron Dessner to sing The Great War,Blue & Gold,Black Jacket,Blurple Sparkles,Blue Guitar,Pastel,Long Gold,Sparkly 13,Gold & Black,A Lot Going On,Red & Black,Red/Black,LIKE EVER,Red Black Ombre,Black,Black Sparkles,Pink,,Purple Metallic,Red & Black,Snake,Cream,Orange,:45,Green,Wood Grain,Pink,Pink,,Pink,,Matching Set,Blue Ombre,,,,,,,,,Purple Fur,Silver,Lines,Light Pink,Navy Sparkles,Maroon,Yes,Maroon,Midnights,The Great War,,,,,Yes,Gold,Midnights,"You're On Your Own, Kid",,,,
9,US Leg,3,"Tampa, FL ",Saturday,4/15/2023,10,Yes,No,No Data,Special Guest Aaron Dessner to sing mad woman,Pink & Blue,Silver Jacket,Blurple Sparkles,Purple Guitar,Pastel,Short Fringe,Sparkly 13,Gold & Black,Ew,Red & Black,Red/Black,LIKE EVER,Red Black Ombre,Black,Black Sparkles,Champagne,,Purple Metallic,Red & Black,Snake,Pink,Orange,1:54,Green,Wood Grain,Green,Green,,Green,,Matching Set,Blue Ombre,,,,,,,,,Purple Fur,Pink,Swirls,Magenta,Navy Sparkles,Green,Yes,Maroon,Speak Now,Mean,,,,,Yes,Gold,folklore,mad woman,,,,
10,US Leg,1,"Houston, TX",Friday,4/21/2023,11,No,No,No Data,,Pink & Blue,Silver Jacket,Blurple Sparkles,Pink Guitar,Pastel,Short Fringe,Sparkly 13,Gold & Black,A Lot Going On,Red & Black,Red/Black,LIKE EVER,Red Black Ombre,Black,Black Sparkles,Champagne,,Purple Metallic,Red & Black,Snake,Cream,Orange,1:25,Green,Wood Grain,Orange,Orange,,Orange,,Matching Set,Blue Ombre,,,,,,,,,Purple Fur,Pink,Swirls,Multicolor,Navy Sparkles,Yellow,Yes,Maroon,1989,Wonderland,,,,,Yes,Gold,Fearless,You're Not Sorry,,,,
11,US Leg,2,"Houston, TX",Saturday,4/22/2023,12,No,No,No Data,,Blue & Gold,Black Jacket,Blurple Sparkles,Blue Guitar,Pastel,Long Gold,Sparkly 13,Gold & Black,Ew,Red & Black,Red/Black,LIKE EVER,Red Black Ombre,Black,Black Sparkles,Tissue Flower,,Purple Metallic,Red & Black,Snake,Purple,Orange,:41,Green,Wood Grain,Pink,Pink,,Pink,,Matching Set,Blue Ombre,,,,,,,,,Purple Fur,Silver,Lines,Magenta,Navy Sparkles,Maroon,Yes,Maroon,Debut,A Place in This World,,,,,Yes,Gold,Fearless,Today Was a Fairytale,,,,
12,US Leg,3,"Houston, TX",Sunday,4/23/2023,13,No,No,No Data,,Pink & Blue,Silver Jacket,Blurple Sparkles,Purple Guitar,Pastel,Short Fringe,Sparkly 13,Gold & Black,Never Ever,Red & Black,Red/Black,LIKE EVER,Red Black Ombre,Black,Black Sparkles,Pink,,Purple Metallic,Red & Black,Snake,Pink,Orange,1:37,Green,Wood Grain,Green,Green,,Green,,Matching Set,Blue Ombre,,,,,,,,,Purple Fur,Purple,Swirls,Light Pink,Navy Sparkles,Green,Yes,Maroon,Red,Begin Again,,,,,Yes,Gold,Debut,Cold As You,,,,
13,US Leg,1,"Atlanta, GA",Friday,4/28/2023,14,No,No,No Data,,Pink & Blue,Silver Jacket,Blurple Sparkles,Pink Guitar,Pastel,Short Fringe,Sparkly 13,Gold & Black,A Lot Going On,Red & Black,Red/Black,LIKE EVER,Red Black Ombre,Black,Black Sparkles,Pink,,Purple Metallic,Red & Black,Snake,Cream,Orange,1:10,Green,Wood Grain,Green,Green,,Green,,Matching Set,Blue Ombre,,,,,,,,,Purple Fur,Silver,Swirls,Magenta,Navy Sparkles,Green,Yes,Maroon,Fearless,The Other Side of the Door,,,,,Yes,Gold,evermore,coney island,,,,
14,US Leg,2,"Atlanta, GA",Saturday,4/29/2023,15,No,No,No Data,,Blue & Gold,Black Jacket,Blurple Sparkles,Blue Guitar,Pastel,Long Gold,Sparkly 13,Gold & Black,Ew,Red & Black,Red/Black,LIKE EVER,Red Black Ombre,Black,Black Sparkles,Champagne,,Purple Metallic,Red & Black,Snake,Purple,Orange,:34,Green,Wood Grain,Pink,Pink,,Pink,,Matching Set,Blue Ombre,,,,,,,,,Purple Fur,Pink,Lines,Light Pink,Navy Sparkles,Maroon,Yes,Maroon,Midnights,High Infidelity,,,,,Yes,Gold,reputation,Gorgeous,,,,
15,US Leg,3,"Atlanta, GA",Sunday,4/30/2023,16,No,No,No Data,,Pink & Blue,Silver Jacket,Blurple Sparkles,Purple Guitar,Pastel,Short Fringe,Sparkly 13,Gold & Black,Never Ever,Red & Black,Red/Black,LIKE EVER,Red Black Ombre,Black,Black Sparkles,Tissue Flower,,Purple Metallic,Red & Black,Snake,Pink,Orange,3:34,Green,Wood Grain,Orange,Orange,,Orange,,Matching Set,Blue Ombre,,,,,,,,,Purple Fur,Purple,Swirls,Multicolor,Navy Sparkles,Yellow,Yes,Maroon,Red,I Bet You Think About Me,,,,,Yes,Gold,1989,How You Get The Girl,,,,
16,US Leg,1,"Nashville, TN",Friday,5/5/2023,17,No,Yes,No Data,Speak Now Announcement! Nothing New added to setlist (until East Rutherford N3),Pink & Blue,Silver Jacket,Blurple Sparkles,Pink Guitar,Pastel,Short Fringe,Sparkly 13,Gold & Black,Ew,Red & Black,Red/Black,LIKE EVER,Red Black Ombre,Black,Black Sparkles,Champagne,,Purple Metallic,Red & Black,Snake,Cream,Orange,2:41,Green,Wood Grain,Pink,Pink,,Pink,,Matching Set,Blue Ombre,,,,,,,,,Purple Fur,Purple,Lines,Magenta,Navy Sparkles,Maroon,Yes,Maroon,Speak Now,Sparks Fly,,,,,Yes,Gold,Debut,Teardrops on My Guitar,,,,
17,US Leg,2,"Nashville, TN",Saturday,5/6/2023,18,No,No,Yes,"invisible string opens folklore in replacement of the 1, switches back the show after.",Blue & Gold,Black Jacket,Blurple Sparkles,Blue Guitar,Pastel,Long Gold,Sparkly 13,Gold & Black,A Lot Going On,Red & Black,Red/Black,LIKE EVER,Red Black Ombre,Black,Black Sparkles,Tissue Flower,,Purple Metallic,Red & Black,Snake,Pink,Orange,2:20,Green,Wood Grain,Green,Green,,Green,,Matching Set,Blue Ombre,,,,,,,,,Purple Fur,Silver,Swirls,Multicolor,Navy Sparkles,Green,Yes,Maroon,1989,Out of the Woods,,,,,Yes,Gold,Fearless,Fifteen,,,,
18,US Leg,3,"Nashville, TN",Sunday,5/7/2023,19,Yes,No,No Data,"Special Guest Aaron Dessner to sing Would've Could've Should've, 4 hour delay. ",Pink & Blue,Silver Jacket,Rain Mic,Purple Guitar,Rain Mic,Short Fringe,Sparkly 13,Rain Mic,Never Ever,Rain Mic,Red/Black,LIKE EVER,Red Black Ombre,Black,Rain Mic,Pink,,Rain Mic,Red & Black,Snake,Purple,Orange,1:54,Green,Rain Mic,Orange,Orange,,Orange,,Matching Set,Rain Mic,,,,,,,,,Purple Fur,Pink,Lines,Magenta,Rain Mic,Yellow,Yes,Rain Mic,Midnights,Would've Could've Should've,,,,,Yes,Rain Mic,Speak Now,Mine,,,,
19,US Leg,1,"Philadelphia, PA",Friday,5/12/2023,20,No,No,No Data,,Pink & Blue,Silver Jacket,Blurple Sparkles,Pink Guitar,Pastel,Short Fringe,Sparkly 13,Gold & Black,A Lot Going On,Red & Black,Red/Black,LIKE EVER,Red Black Ombre,Black,Black Sparkles,Pink,,Purple Metallic,Red & Black,Snake,Cream,Orange,1:15,Green,Wood Grain,Pink,Pink,,Pink,,Matching Set,Blue Ombre,,,,,,,,,Purple Fur,Purple,Swirls,Multicolor,Navy Sparkles,Maroon,Yes,Maroon,evermore,gold rush,,,,,Yes,Gold,Red,Come Back... Be Here,,,,
20,US Leg,2,"Philadelphia, PA",Saturday,5/13/2023,21,No,No,Yes,"""Hey stop!"" Bad Blood",Blue & Gold,Black Jacket,Blurple Sparkles,Blue Guitar,Pastel,Long Gold,Sparkly 13,Gold & Black,Ew,Red & Black,Red/Black,LIKE EVER,Red Black Ombre,Black,Black Sparkles,Champagne,,Purple Metallic,Red & Black,Snake,Green,Orange,3:34,Green,Wood Grain,Orange,Orange,,Orange,,Matching Set,Blue Ombre,,,,,,,,,Purple Fur,Pink,Lines,Magenta,Navy Sparkles,Yellow,Yes,Maroon,Fearless,Forever & Always,,,,,Yes,Gold,1989,This Love,,,,
21,US Leg,3,"Philadelphia, PA",Sunday,5/14/2023,22,No,No,No Data,,Pink & Blue,Silver Jacket,Blurple Sparkles,Purple Guitar,Pastel,Short Fringe,Sparkly 13,Gold & Black,Never Ever,Red & Black,Red/Black,LIKE EVER,Red Black Ombre,Black,Black Sparkles,Tissue Flower,,Purple Metallic,Red & Black,Snake,Purple,Orange,1:37,Green,Wood Grain,Green,Green,,Green,,Matching Set,Blue Ombre,,,,,,,,,Purple Fur,Silver,Swirls,Multicolor,Navy Sparkles,Green,Yes,Maroon,Fearless,Hey Stephen,,,,,Yes,Gold,Fearless,The Best Day,,,,
22,US Leg,1,"Foxborough, MA",Friday,5/19/2023,23,No,No,No Data,,Pink & Blue,Silver Jacket,Blurple Sparkles,Pink Guitar,Pastel,Short Fringe,Sparkly 13,Gold & Black,Never Ever,Red & Black,Red/Black,LIKE EVER,Red Black Ombre,Black,Black Sparkles,Pink,,Purple Metallic,Red & Black,Snake,Green,Orange,3:14,Green,Wood Grain,Orange,Orange,,Orange,,Matching Set,Blue Ombre,,,,,,,,,Purple Fur,Silver,Lines,Magenta,Navy Sparkles,Yellow,Yes,Maroon,Debut,Should've Said No,,,,,Yes,Gold,Red,Better Man,,,,
23,US Leg,2,"Foxborough, MA",Saturday,5/20/2023,24,No,No,No Data,,Blue & Gold,Black Jacket,Rain Mic,Blue Guitar,Rain Mic,Long Gold,Sparkly 13,Rain Mic,A Lot Going On,Rain Mic,Red/Black,LIKE EVER,Red Black Ombre,Black,Rain Mic,Champagne,,Rain Mic,Red & Black,Snake,Cream,Orange,2:34,Green,Rain Mic,Green,Green,,Green,,Matching Set,Rain Mic,,,,,,,,,Purple Fur,Pink,Swirls,Multicolor,Rain Mic,Green,Yes,Rain Mic,Midnights,Question...?,,,,,Yes,Rain Mic,Debut,Invisible,,,,
24,US Leg,3,"Foxborough, MA",Sunday,5/21/2023,25,No,No,No Data,,Pink & Blue,Silver Jacket,Blurple Sparkles,Purple Guitar,Pastel,Short Fringe,Sparkly 13,Gold & Black,Ew,Red & Black,Red/Black,LIKE EVER,Red Black Ombre,Black,Black Sparkles,Tissue Flower,,Purple Metallic,Red & Black,Snake,Pink,Orange,3:36,Green,Wood Grain,Pink,Pink,,Pink,,Matching Set,Blue Ombre,,,,,,,,,Purple Fur,Purple,Lines,Magenta,Navy Sparkles,Maroon,Yes,Maroon,Lover,I Think He Knows,,,,,Yes,Maroon,Red,Red,,,,
25,US Leg,1,"East Rutherford, NJ",Friday,5/26/2023,26,Yes,Yes,No Data,Special Guests Jack Antonoff to sing Getaway Car and Ice Spice to sing Karma ft. Ice Spice,Purple Tassles,Silver Jacket,Blurple Sparkles,Pink Guitar,Pastel,Short Fringe,Sparkly 13,Gold & Black,Never Ever,Red & Black,Red/Black,LIKE EVER,Red Black Ombre,Black,Black Sparkles,White/Silver,,Purple Metallic,Red & Black,Snake,Cream,Bronze,2:50,Green,Wood Grain,Pink,Pink,,Pink,,Matching Set,Blue Ombre,,,,,,,,,Purple Fur,Silver,Lines,No Jacket,Navy Sparkles,Maroon,Yes,Maroon,reputation,Getaway Car,,,,,Yes,Gold,Midnights,Maroon,,,,
26,US Leg,2,"East Rutherford, NJ",Saturday,5/27/2023,27,Yes,Yes,No Data,Special Guest Ice Spice to sing Karma ft. Ice Spice,Pink & Blue,Silver Jacket,Blurple Sparkles,Blue Guitar,Pastel,Long Silver,Sparkly 13,Gold & Black,A Lot Going On,Red & Black,Red/Black,LIKE EVER,Red Black Ombre,Black,Black Sparkles,Pink,,Purple Metallic,Red & Black,Snake,Green,Orange,3:53,Green,Wood Grain,Green,Green,,Green,,Matching Set,Blue Ombre,,,,,,,,,Purple Fur,Iridescent,Swirls,No Jacket,Navy Sparkles,Green,Yes,Maroon,Red,Holy Ground,,,,,No,Gold,Lover,False God,,,,
27,US Leg,3,"East Rutherford, NJ",Sunday,5/28/2023,28,Yes,Yes,No Data,Special Guest Ice Spice to sing Karma ft. Ice Spice,Blue & Gold,Black Jacket,Blurple Sparkles,Purple Guitar,Pastel,Long Silver,Sparkly 13,Gold & Black,Ew,Red & Black,Red/Black,LIKE EVER,Red Black Ombre,Black,Black Sparkles,Tissue Flower,,Blue Metallic,Red & Black,Snake,Purple,Bronze,2:14,Green,Wood Grain,Orange,Orange,,Orange,,Matching Set,Blue Ombre,,,,,,,,,Purple Fur,Purple,Lines,No Jacket,Navy Sparkles,Yellow,No,Maroon,1989,Welcome to New York,,,,,Yes,Gold,1989,Clean,,,,
28,US Leg,1,"Chicago, IL",Friday,6/2/2023,29,No,No,No Data,Swiftball was born! ALSO my show :),Pink & Blue,Silver Jacket,Blurple Sparkles,Pink Guitar,Pastel,Short Fringe,Sparkly 13,Gold & Black,Ew,Red & Black,Red/Black,LIKE EVER,Red Black Ombre,Black,Black Sparkles,Champagne,,Purple Metallic,Red & Black,Snake,Green,Orange,2:41,Green,Wood Grain,Pink,Pink,,Pink,,Matching Set,Blue Ombre,,,,,,,,,Purple Fur,Iridescent,Lines,Multicolor,Navy Sparkles,Maroon,Yes,Maroon,1989,I Wish You Would,,,,,Yes,Gold,folklore,the lakes,,,,
29,US Leg,2,"Chicago, IL",Saturday,6/3/2023,30,Yes,No,No Data,Special Guest Marren Morris to sing You All Over Me,Purple Tassles,Silver Jacket,Blurple Sparkles,Blue Guitar,Pastel,Long Silver,Sparkly 13,Gold & Black,A Lot Going On,Red & Black,Red/Black,LIKE EVER,Red Black Ombre,Black,Black Sparkles,Pink,,Purple Metallic,Red & Black,Snake,Cream,Orange,1:42,Green,Wood Grain,Green,Green,,Green,,Matching Set,Blue Ombre,,,,,,,,,Purple Fur,Silver,Swirls,Magenta,Navy Sparkles,Green,Yes,Maroon,Fearless,You All Over Me,,,,,No,Gold,Non-Album,I Don't Wanna Live Forever,,,,
30,US Leg,3,"Chicago, IL",Sunday,6/4/2023,31,No,No,Yes,,Blue & Gold,Black Jacket,Blurple Sparkles,Purple Guitar,Rain Mic,Long Gold,Sparkly 13,Gold & Black,Never Ever,Red & Black,Red/Black,LIKE EVER,Red Black Ombre,Black,Black Sparkles,Tissue Flower,,Purple Metallic,Red & Black,Snake,Pink,Orange,1:58,Green,Wood Grain,Orange,Orange,,Orange,,Matching Set,Blue Ombre,,,,,,,,,Purple Fur,Pink,Lines,Multicolor,Navy Sparkles,Yellow,Yes,Maroon,Midnights,Hits Different,,,,,No,Gold,Red,The Moment I Knew,,,,
31,US Leg,1,"Detroit, MI",Friday,6/9/2023,32,No,No,No,,Pink & Blue,Silver Jacket,Blurple Sparkles,Pink Guitar,Pastel,Short Fringe,Sparkly 13,Gold & Black,A Lot Going On,Red & Black,Red/Black,LIKE EVER,Red Black Ombre,Black,Black Sparkles,Champagne,,Purple Metallic,Red & Black,Snake,Green,Orange,1:17,Green,Wood Grain,Pink,Pink,,Pink,,Matching Set,Blue Ombre,,,,,,,,,Purple Fur,Iridescent,Lines,Multicolor,Navy Sparkles,Maroon,Yes,Maroon,Speak Now,Haunted,,,,,No,Gold,Red,I Almost Do,,,,
32,US Leg,2,"Detroit, MI",Saturday,6/10/2023,33,No,No,No,,Blue & Gold,Black Jacket,Blurple Sparkles,Blue Guitar,Pastel,Long Silver,Sparkly 13,Gold & Black,Ew,Red & Black,Red/Black,LIKE EVER,Red Black Ombre,Black,Black Sparkles,Pink,,Purple Metallic,Red & Black,Snake,Cream,Orange,1:49,Green,Wood Grain,Orange,Orange,,Orange,,Matching Set,Blue Ombre,,,,,,,,,Purple Fur,Silver,Swirls,Magenta,Navy Sparkles,Yellow,Yes,Maroon,1989,All You Had to Do Was Stay,,,,,No,Gold,Fearless,Breathe,,,,
33,US Leg,1,"Pittsburgh, PA",Friday,6/16/2023,34,No,No,No,,Pink & Blue,Silver Jacket,Blurple Sparkles,Pink Guitar,Pastel,Long Silver,Sparkly 13,Gold & Black,Never Ever,Red & Black,Red/Black,LIKE EVER,Red Black Ombre,Black,Black Sparkles,Champagne,,Purple Metallic,Red & Black,Snake,Green,Orange,1:53,Green,Wood Grain,Orange,Orange,,Orange,,Matching Set,Blue Ombre,,,,,,,,,Purple Fur,Iridescent,Lines,Magenta,Navy Sparkles,Yellow,Yes,Maroon,Fearless,Mr. Perfectly Fine,,,,,No,Gold,Red,The Last Time,,,,
34,US Leg,2,"Pittsburgh, PA",Saturday,6/17/2023,35,Yes,Yes,No,"Special Guest Aaron Dessner, Piano first then Guitar",Blue & Gold,Black Jacket,Blurple Sparkles,Blue Guitar,Pastel,Short Fringe,Sparkly 13,Gold & Black,Ew,Red & Black,Red/Black,LIKE EVER,Red Black Ombre,Black,Black Sparkles,Pink,,Purple Metallic,Red & Black,Snake,Cream,Orange,1:45,Green,Wood Grain,Pink,Pink,,Pink,,Matching Set,Blue Ombre,,,,,,,,,Purple Fur,Silver,Swirls,Multicolor,Navy Sparkles,Maroon,Yes,Maroon,Speak Now,The Story of Us,,,,,No,Gold,folklore,seven,,,,
35,US Leg,1,"Minneapolis, MN",Friday,6/23/2023,36,No,No,No,,Blue & Gold,Black Jacket,Blurple Sparkles,Pink Guitar,Pastel,Short Fringe,Sparkly 13,Gold & Black,Ew,Red & Black,Red/Black,LIKE EVER,Red Black Ombre,Black,Black Sparkles,Champagne,,Purple Metallic,Red & Black,Snake,Purple,Orange,1:25,Green,Wood Grain,Green,Green,,Green,,Matching Set,Blue Ombre,,,,,,,,,Purple Fur,Pink,Swirls,Multicolor,Navy Sparkles,Green,Yes,Maroon,Lover,Paper Rings,,,,,No,Gold,Fearless,If This Was a Movie,,,,
36,US Leg,2,"Minneapolis, MN",Saturday,6/24/2023,37,No,Yes,No,,Purple Tassles,Silver Jacket,Blurple Sparkles,Purple Guitar,Pastel,Long Silver,Sparkly 13,Gold & Black,A Lot Going On,Red & Black,Red/Black,LIKE EVER,Red Black Ombre,Black,Black Sparkles,Pink,,Purple Metallic,Red & Black,Snake,Pink,Orange,2:16,Green,Wood Grain,Pink,Pink,,Pink,,Matching Set,Blue Ombre,,,,,,,,,Purple Fur,Iridescent,Lines,Magenta,Navy Sparkles,Maroon,Yes,Maroon,Speak Now,Dear John,,,,,No,Gold,Lover,Daylight,,,,
37,US Leg,1,"Cincinnati, OH",Friday,6/30/2023,38,No,Yes,No,,Pink & Blue,Silver Jacket,Blurple Sparkles,Pink Guitar,Pastel,Short Fringe,Sparkly 13,Gold & Black,A Lot Going On,Red & Black,Red/Black,LIKE EVER,Red Black Ombre,Black,Black Sparkles,White/Silver,,Purple Metallic,Red & Black,Snake,Cream,Orange,1:17,Green,Wood Grain,Pink,Pink,,Pink,,Matching Set,Blue Ombre,,,,,,,,,Purple Fur,Iridescent,Swirls,Magenta,Navy Sparkles,Maroon,Yes,Maroon,Debut,I'm Only Me When I'm With You,,,,,No,Gold,evermore,evermore,,,,
38,US Leg,2,"Cincinnati, OH",Saturday,7/1/2023,39,Yes,Yes,No,Special Guest Aaron Dessner AND Gracie Abrams w/ 3rd surprise song I miss you I'm sorry,Blue & Gold,Black Jacket,Rain Mic,Blue Guitar,Rain Mic,Long Silver,Sparkly 13,Rain Mic,Ew,Rain Mic,Red/Black,LIKE EVER,Red Black Ombre,Black,Rain Mic,Pink,,Rain Mic,Red & Black,Rain Mic,Green,Orange,0:56,Green,Rain Mic,Orange,Orange,,Orange,,Matching Set,Rain Mic,,,,,,,,,Purple Fur,Silver,Lines,Multicolor,Rain Mic,Yellow,Yes,Rain Mic,evermore,ivy,,,,,No,Rain Mic,reputation,Call It What You Want,,,,
39,US Leg,1,"Kansas City, MO",Friday,7/7/2023,40,Yes,Yes,No,"Speak Now Release Day! Long Live added to setlist. I Can See You music video premiere w/ Joey King, Presley Cash, Taylor Lautner. Koi Fish Guitar for SS",Purple Tassles,Silver Jacket,Blurple Sparkles,Purple Guitar,Pastel,Long Gold,Sparkly 13,Gold & Black,Never Ever,Red & Black,Red/Black,LIKE EVER,Red Black Ombre,Black,Black Sparkles,Purple,Koi Fish,Purple Metallic,Red & Black,Snake,Purple,Orange,1:14,Green,Wood Grain,Orange,Orange,,Orange,,Matching Set,Blue Ombre,,,,,,,,,Purple Fur,Orchid,Swirls,Multicolor,Navy Sparkles,Yellow,Yes,Maroon,Speak Now,Never Grow Up,,,,,Yes,Gold,Speak Now,When Emma Falls in Love,,,,
40,US Leg,2,"Kansas City, MO",Saturday,7/8/2023,41,No,Yes,Yes,,Pink & Blue,Silver Jacket,Blurple Sparkles,Blue Guitar,Pastel,Short Fringe,Sparkly 13,Gold & Black,A Lot Going On,Red & Black,Red/Black,LIKE EVER,Red Black Ombre,Black,Black Sparkles,Purple,Koi Fish,Purple Metallic,Red & Black,Snake,Green,Orange,1:43,Green,Wood Grain,Pink,Pink,,Pink,,Matching Set,Blue Ombre,,,,,,,,,Purple Fur,Purple,Lines,Multicolor,Navy Sparkles,Maroon,Yes,Maroon,Speak Now,Last Kiss,,,,,No,Gold,evermore,dorothea,,,,
41,US Leg,1,"Denver, CO",Friday,7/14/2023,42,No,Yes,Yes,,Blue & Gold,Black Jacket,Blurple Sparkles,Blue Guitar,Pastel,Long Silver,Sparkly 13,Gold & Black,A Lot Going On,Red & Black,Red/Black,LIKE EVER,Red Black Ombre,Black,Black Sparkles,Pink,Koi Fish,Purple Metallic,Red & Black,Snake,Pink,Orange,1:40,Green,Wood Grain,Green,Green,,Green,,Matching Set,Blue Ombre,,,,,,,,,Purple Fur,Iridescent,Lines,Blue,Navy Sparkles,Green,Yes,Maroon,Debut,Picture to Burn,,,,,No,Gold,Speak Now,Timeless,,,,
42,US Leg,2,"Denver, CO",Saturday,7/15/2023,43,No,No,No,,Pink & Blue,Silver Jacket,Blurple Sparkles,Pink Guitar,Pastel,Short Fringe,Sparkly 13,Gold & Black,Ew,Red & Black,Red/Black,LIKE EVER,Red Black Ombre,Black,Black Sparkles,Champagne,Koi Fish,Purple Metallic,Red & Black,Snake,Cream,Orange,1:26,Green,Wood Grain,Pink,Pink,,Pink,,Matching Set,Blue Ombre,,,,,,,,,Purple Fur,Silver,Swirls,Multicolor,Navy Sparkles,Maroon,Yes,Maroon,Red,Starlight,,,,,No,Gold,Speak Now,Back to December,,,,
43,US Leg,1,"Seattle, WA",Saturday,7/22/2023,44,Yes,Yes,Yes,"no body, no crime with HAIM added to setlist (until LA N6)",Pink & Blue,Silver Jacket,Blurple Sparkles,Pink Guitar,Pastel,Long Silver,Sparkly 13,Gold & Black,Ew,Red & Black,Red/Black,LIKE EVER,Red Black Ombre,Black,Black Sparkles,Champagne,Koi Fish,Purple Metallic,Red & Black,Snake,Cream,Bronze,1:40,Green,Wood Grain,Pink,Pink,,Pink,,Matching Set,Blue Ombre,,,,,,,,,Purple Fur,Iridescent,Swirls,Magenta,Navy Sparkles,Maroon,Yes,Maroon,reputation,This Is Why We Can't Have Nice Things,,,,,Yes,Gold,Red,Everything Has Changed,,,,
44,US Leg,2,"Seattle, WA",Sunday,7/23/2023,45,Yes,Yes,No,,Blue & Gold,Black Jacket,Blurple Sparkles,Blue Guitar,Pastel,Short Fringe,Sparkly 13,Gold & Black,A Lot Going On,Red & Black,Red/Black,LIKE EVER,Red Black Ombre,Black,Black Sparkles,Pink,Koi Fish,Purple Metallic,Red & Black,Snake,Green,Orange,1:27,Green,Wood Grain,Orange,Orange,,Orange,,Matching Set,Blue Ombre,,,,,,,,,Purple Fur,Silver,Lines,Blue,Navy Sparkles,Yellow,Yes,Maroon,Red,Message in a Bottle,,,,,No,Gold,Debut,Tied Together With a Smile,,,,
45,US Leg,1,"Santa Clara, CA",Friday,7/28/2023,46,Yes,Yes,Yes,Special Guest Aaron Dessner,Pink & Blue,Black Jacket,Blurple Sparkles,Pink Guitar,Pastel,Long Silver,Sparkly 13,Gold & Black,A Lot Going On,Red & Black,Red/Black,LIKE EVER,Red Black Ombre,Black,Black Sparkles,Purple,Koi Fish,Purple Metallic,Red & Black,Snake,Pink,Orange,4:01,Green,Wood Grain,Orange,Orange,,Orange,,Matching Set,Blue Ombre,,,,,,,,,Purple Fur,Iridescent,Swirls,Magenta,Navy Sparkles,Yellow,Yes,Maroon,evermore,right where you left me,,,,,No,Gold,Speak Now,Castles Crumbling,,,,
46,US Leg,2,"Santa Clara, CA",Saturday,7/29/2023,47,No,No,No,,Blue & Gold,Black Jacket,Blurple Sparkles,Blue Guitar,Pastel,Short Fringe,Sparkly 13,Gold & Black,Ew,Red & Black,Red/Black,LIKE EVER,Red Black Ombre,Black,Black Sparkles,Purple,Koi Fish,Purple Metallic,Red & Black,Snake,Cream,Bronze,3:06,Green,Wood Grain,Pink,Pink,,Pink,,Matching Set,Blue Ombre,,,,,,,,,Purple Fur,Orchid,Lines,Blue,Navy Sparkles,Maroon,Yes,Maroon,Red,Stay Stay Stay,,,,,No,Gold,Lover,All of the Girls You Loved Before,,,,
47,US Leg,1,"Los Angeles, CA",Thursday,8/3/2023,48,No,No,No,Filming for Eras Tour Movie,Pink & Blue,Silver Jacket,Blurple Sparkles,Pink Guitar,Pastel,Short Fringe,Sparkly 13,Gold & Black,A Lot Going On,Red & Black,Red/Black,LIKE EVER,Red Black Ombre,Black,Black Sparkles,Purple,Koi Fish,Purple Metallic,Red & Black,Snake,Cream,Yellow,2:02,Green,Wood Grain,Pink,Pink,,Pink,,Matching Set,Blue Ombre,,,,,,,,,Purple Fur,Iridescent,Swirls,Blue,Navy Sparkles,Maroon,Yes,Maroon,Speak Now,I Can See You,,,,,No,Gold,Midnights,Maroon,,,,
48,US Leg,2,"Los Angeles, CA",Friday,8/4/2023,49,No,No,No,,Pink & Blue,Silver Jacket,Blurple Sparkles,Purple Guitar,Pastel,Short Fringe,Sparkly 13,Gold & Black,A Lot Going On,Red & Black,Red/Black,LIKE EVER,Red Black Ombre,Black,Black Sparkles,Purple,Koi Fish,Purple Metallic,Red & Black,Snake,Cream,Yellow,2:04,Green,Wood Grain,Pink,Pink,,Pink,,Matching Set,Blue Ombre,,,,,,,,,Purple Fur,Iridescent,Swirls,Blue,Navy Sparkles,Maroon,Yes,Maroon,Debut,Our Song,,,,,No,Gold,1989,You Are in Love,,,,
49,US Leg,3,"Los Angeles, CA",Saturday,8/5/2023,50,No,No,No,,Pink & Blue,Silver Jacket,Blurple Sparkles,Blue Guitar,Pastel,Short Fringe,Sparkly 13,Gold & Black,A Lot Going On,Red & Black,Red/Black,LIKE EVER,Red Black Ombre,Black,Black Sparkles,Purple,Koi Fish,Purple Metallic,Red & Black,Snake,Cream,Yellow,1:58,Green,Wood Grain,Pink,Pink,,Pink,,Matching Set,Blue Ombre,,,,,,,,,Purple Fur,Iridescent,Swirls,Blue,Navy Sparkles,Maroon,Yes,Maroon,Lover,Death by a Thousand Cuts,,,,,No,Gold,Midnights,"You're On Your Own, Kid",,,,
50,US Leg,4,"Los Angeles, CA",Monday,8/7/2023,51,No,No,Yes,,Blue & Gold,Black Jacket,Blurple Sparkles,Blue Guitar,Pastel,Long Silver,Sparkly 13,Gold & Black,Ew,Red & Black,Red/Black,LIKE EVER,Red Black Ombre,Black,Black Sparkles,Champagne,Koi Fish,Purple Metallic,Red & Black,Snake,Purple,Bronze,1:01,Green,Wood Grain,Orange,Orange,,Orange,,Matching Set,Blue Ombre,,,,,,,,,Purple Fur,Orchid,Lines,Magenta,Navy Sparkles,Yellow,Yes,Maroon,reputation,Dress,,,,,No,Gold,folklore,exile,,,,
51,US Leg,5,"Los Angeles, CA",Tuesday,8/8/2023,52,No,No,No,Champagne Problems cheer world record!,Purple Tassles,Indigo Jacket,Blurple Sparkles,Purple Guitar,Pastel,Long Gold,Sparkly 13,Gold & Black,Never Ever,Red & Black,Red/Black,LIKE EVER,Red Black Ombre,Black,Black Sparkles,Purple,Koi Fish,Purple Metallic,Red & Black,Snake,Green,Orange,7:43,Green,Wood Grain,Green,Green,,Green,,Matching Set,Blue Ombre,,,,,,,,,Purple Fur,Silver,Cutout,Blue,Navy Sparkles,Green,Yes,Maroon,1989,I Know Places,,,,,No,Gold,reputation,King of My Heart,,,,
52,US Leg,6,"Los Angeles, CA",Wednesday,8/9/2023,53,No,Yes,Yes,"US Leg 1 Closing Night, 1989 TV Announced",Pink & Blue,Silver Jacket,Blurple Sparkles,Pink Guitar,Pastel,Short Fringe,Sparkly 13,Gold & Black,A Lot Going On,Red & Black,Red/Black,LIKE EVER,Red Black Ombre,Black,Black Sparkles,Blue,Koi Fish,Purple Metallic,Red & Black,Snake,Blue,Yellow,6:46,Green,Wood Grain,Blue,Blue,,Blue,,Matching Set,Blue Ombre,,,,,,,,,Purple Fur,Blue,Cutout,Blue,Navy Sparkles,Blue,Yes,Maroon,1989,New Romantics,,,,,No,Gold,reputation,New Year's Day,,,,
53,LATAM Leg,1,Mexico City,Thursday,8/24/2023,54,No,No,No,,Pink & Blue,Silver Jacket,Blurple Sparkles,Pink Guitar,Pastel,Short Fringe,Sparkly 13,Gold & Black,A Lot Going On,Red & Black,Red/Black,LIKE NUNCA,Red Black Ombre,Black,Black Sparkles,Purple,Koi Fish,Purple Metallic,Red & Black,Snake,Cream,Yellow,2:39,Green,Wood Grain,Blue,Blue,,Blue,,Matching Set,Blue Ombre,,,,,,,,,Purple Fur,Iridescent,Swirls,Blue,Navy Sparkles,Blue,Yes,Maroon,Lover,I Forgot That You Existed,,,,,No,Gold,Midnights,Sweet Nothing,,,,
54,LATAM Leg,2,Mexico City,Friday,8/25/2023,55,No,No,No,,Blue & Gold,Black Jacket,Blurple Sparkles,Blue Guitar,Pastel,Long Silver,Sparkly 13,Gold & Black,Ew,Red & Black,Red/Black,LIKE NUNCA,Red Black Ombre,Black,Black Sparkles,Blue,Koi Fish,Purple Metallic,Red & Black,Snake,Green,Bronze,1:55,Green,Wood Grain,Pink,Pink,,Pink,,Matching Set,Blue Ombre,,,,,,,,,Purple Fur,Orchid,Cutout,Magenta,Navy Sparkles,Maroon,Yes,Maroon,Fearless,Tell Me Why,,,,,No,Gold,Midnights,Snow on the Beach,,,,
55,LATAM Leg,3,Mexico City,Saturday,8/26/2023,56,No,No,No,,Purple Tassles,Indigo Jacket,Blurple Sparkles,Purple Guitar,Pastel,Long Gold,Sparkly 13,Gold & Black,Never Ever,Red & Black,Red/Black,LIKE NUNCA,Red Black Ombre,Black,Black Sparkles,Champagne,Koi Fish,Purple Metallic,Red & Black,Snake,Blue,Orange,2:02,Green,Wood Grain,Green,Green,,Green,,Matching Set,Blue Ombre,,,,,,,,,Purple Fur,Purple,Lines,Multicolor,Navy Sparkles,Green,Yes,Maroon,Lover,Cornelia Street,,,,,No,Gold,Midnights,"You're On Your Own, Kid",,,,
56,LATAM Leg,4,Mexico City,Sunday,8/27/2023,57,No,No,No,,Pink & Blue,Silver Jacket,Blurple Sparkles,Pink Guitar,Pastel,Short Fringe,Sparkly 13,Gold & Black,A Lot Going On,Red & Black,Red/Black,LIKE NUNCA,Red Black Ombre,Black,Black Sparkles,Purple,Koi Fish,Purple Metallic,Red & Black,Snake,Pink,Yellow,1:38,Green,Wood Grain,Orange,Orange,,Orange,,Matching Set,Blue Ombre,,,,,,,,,Purple Fur,Pink,Swirls,Blue,Navy Sparkles,Yellow,Yes,Maroon,Lover,Afterglow,,,,,No,Gold,Midnights,Maroon,,,,
57,LATAM Leg,1,Buenos Aires,Thursday,11/9/2023,58,No,No,Yes,,All Pink,Hot Pink,Blurple Sparkles,Pink Guitar,Pastel,Long Gold,Sparkly 13,Gold & Black,Never Ever,Red & Black,Red/Black,NI EN PEDO,Red Black Ombre,Black,Black Sparkles,Purple,Koi Fish,Purple Metallic,Red & Black,Snake,Green,Orange,2:26,Green,Wood Grain,Blue,Blue,,Blue,,Matching Set,Blue Ombre,,,,,,,,,Purple Fur,Iridescent,Lines,Blue,Navy Sparkles,Blue,Yes,Maroon,Red,The Very First Night,,,,,No,Gold,Midnights,Labyrinth,,,,
58,LATAM Leg,2,Buenos Aires,Saturday,11/11/2023,59,No,Yes,No,"First Travis Appearance, ""Karma is the guy on the Chiefs"" ",Pink & Blue,Silver Jacket,Blurple Sparkles,Pink Guitar,Pastel,Short Fringe,Sparkly 13,Gold & Black,A Lot Going On,Red & Black,Red/Black,NI EN PEDO,Red Black Ombre,Black,Black Sparkles,Champagne,Koi Fish,Purple Metallic,Red & Black,Snake,Blue,Orange,0:53,Green,Wood Grain,Pink,Pink,,Pink,,Matching Set,Blue Ombre,,,,,,,,,Purple Fur,Orchid,Swirls,Magenta,Navy Sparkles,Maroon,Yes,Maroon,1989,Is It Over Now?,1989,Out of the Woods,,,No,Gold,reputation,End Game,,,,
59,LATAM Leg,3,Buenos Aires,Sunday,11/12/2023,60,No,No,No,,Blue & Gold,Black Jacket,Blurple Sparkles,Blue Guitar,Pastel,Long Silver,Sparkly 13,Gold & Black,Ew,Red & Black,Red/Black,NI A PALOS,Red Black Ombre,Black,Black Sparkles,Blue,Koi Fish,Purple Metallic,Red & Black,Snake,Cream,Yellow,2:27,Green,Wood Grain,Orange,Orange,,Orange,,Matching Set,Blue Ombre,,,,,,,,,Purple Fur,Iridescent,Cutout,Blue,Navy Sparkles,Yellow,Yes,Maroon,Speak Now,Better Than Revenge,,,,,No,Gold,1989,"""Slut!""",,,,
60,LATAM Leg,1,Rio de Janeiro,Friday,11/17/2023,61,No,No,No,,All Pink,Hot Pink,Blurple Sparkles,Pink Guitar,Pastel,Long Silver,Sparkly 13,Gold & Black,Ew,Red & Black,Red/Black,LIKE NEM FODENDO,Red Black Ombre,Black,Black Sparkles,Blue,Koi Fish,Purple Metallic,Red & Black,Snake,Green,Yellow,0:31,Green,Wood Grain,Orange,Orange,,Orange,,Matching Set,Blue Ombre,,,,,,,,,Purple Fur,Blue,Cutout,Magenta,Navy Sparkles,Yellow,Yes,Maroon,Debut,Stay Beautiful,,,,,No,Gold,1989,Suburban Legends,,,,
61,LATAM Leg,2,Rio de Janeiro,Sunday,11/19/2023,62,No,No,No,,Pink & Blue,Silver Jacket,Rain Mic,Pink Guitar,Rain Mic,Short Fringe,Sparkly 13,Rain Mic,A Lot Going On,Rain Mic,Red/Black,LIKE NEM FODENDO,Red Black Ombre,Black,Rain Mic,Champagne,Koi Fish,Rain Mic,Red & Black,Rain Mic,Pink,Bronze,1:58,Green,Rain Mic,Blue,Blue,,Blue,,Matching Set,Rain Mic,,,,,,,,,Purple Fur,Pink,Swirls,Magenta,Rain Mic,Blue,Yes,Rain Mic,reputation,Dancing with Our Hands Tied,,,,,No,Rain Mic,Midnights,Bigger Than the Whole Sky,,,,
62,LATAM Leg,3,Rio de Janeiro,Monday,11/20/2023,63,No,No,Yes,,Purple Tassles,Indigo Jacket,Blurple Sparkles,Purple Guitar,Pastel,Long Gold,Sparkly 13,Gold & Black,Never Ever,Red & Black,Red/Black,LIKE NEM FODENDO,Red Black Ombre,Black,Black Sparkles,Purple,Koi Fish,Purple Metallic,Red & Black,Snake,Cream,Orange,0:17,Green,Wood Grain,Green,Green,,Green,,Matching Set,Blue Ombre,,,,,,,,,Purple Fur,Orchid,Cutout,Blue,Navy Sparkles,Green,Yes,Maroon,Lover,Me!,,,,,No,Gold,reputation,So It Goes...,,,,
63,LATAM Leg,1,São Paulo,Friday,11/24/2023,64,No,No,N/A,,Pink & Blue,Silver Jacket,Blurple Sparkles,Pink Guitar,Pastel,Long Silver,Sparkly 13,Gold & Black,Ew,Red & Black,Red/Black,LIKE NEM FODENDO,Red Black Ombre,Black,Black Sparkles,Champagne,Koi Fish,Purple Metallic,Red & Black,Snake,Purple,Yellow,1:22,Green,Wood Grain,Blue,Blue,,Blue,,Matching Set,Blue Ombre,,,,,,,,,Purple Fur,Orchid,Cutout,Multicolor,Navy Sparkles,Blue,Yes,Maroon,1989,Now That We Don't Talk,,,,,No,Gold,Speak Now,Innocent,,,,
64,LATAM Leg,2,São Paulo,Saturday,11/25/2023,65,No,No,N/A,,Blue & Gold,Black Jacket,Blurple Sparkles,Blue Guitar,Pastel,Short Fringe,Sparkly 13,Gold & Black,A Lot Going On,Red & Black,Red/Black,LIKE NEM FODENDO,Red Black Ombre,Black,Black Sparkles,Pink,Koi Fish,Purple Metallic,Red & Black,Snake,Blue,Orange,1:43,Green,Wood Grain,Orange,Orange,,Orange,,Matching Set,Blue Ombre,,,,,,,,,Purple Fur,Iridescent,Swirls,Magenta,Navy Sparkles,Yellow,Yes,Maroon,Non-Album,Safe & Sound,,,,,No,Gold,Fearless,Untouchable,,,,
65,LATAM Leg,3,São Paulo,Sunday,11/26/2023,66,No,No,N/A,,All Pink,Hot Pink,Blurple Sparkles,Pink Guitar,Pastel,Long Gold,Sparkly 13,Gold & Black,Never Ever,Red & Black,Red/Black,LIKE NEM FODENDO,Red Black Ombre,Black,Black Sparkles,Purple,Koi Fish,Purple Metallic,Red & Black,Snake,Cream,Bronze,1:18,Green,Wood Grain,Green,Green,,Green,,Matching Set,Blue Ombre,,,,,,,,,Purple Fur,Blue,Cutout,Blue,Navy Sparkles,Green,Yes,Maroon,1989,Say Don't Go,,,,,No,Gold,evermore,it's time to go,,,,
66,Asia & Australia Leg,1,Tokyo,Wednesday,2/7/2024,67,No,No,N/A,,Pink & Blue,Silver Jacket,Blurple Sparkles,Pink Guitar,Pastel,Short Fringe,Sparkly 13,Gold & Black,Ew,Red & Black,Red/Black,ARIENI,Red Black Ombre,Black,Black Sparkles,Purple,Koi Fish,Purple Metallic,Red & Black,Snake,Cream,Orange,0:43,Green,Wood Grain,Blue,Blue,,Blue,,Matching Set,Blue Ombre,,,,,,,,,Purple Fur,Orchid,Swirls,Blue,Navy Sparkles,Blue,Yes,Maroon,Midnights,Dear Reader,,,,,No,Gold,Red,Holy Ground,,,,
67,Asia & Australia Leg,2,Tokyo,Thursday,2/8/2024,68,No,No,N/A,,Blue & Gold,Black Jacket,Blurple Sparkles,Blue Guitar,Pastel,Long Silver,Sparkly 13,Gold & Black,A Lot Going On,Red & Black,Red/Black,ZETTA NAI,Red Black Ombre,Black,Black Sparkles,Champagne,Koi Fish,Purple Metallic,Red & Black,Snake,Green,Bronze,0:57,Green,Wood Grain,Orange,Orange,,Orange,,Matching Set,Blue Ombre,,,,,,,,,Purple Fur,Iridescent,Swirls,Magenta,Navy Sparkles,Yellow,Yes,Maroon,Non-Album,Eyes Open,,,,,No,Gold,Speak Now,Electric Touch,,,,
68,Asia & Australia Leg,3,Tokyo,Friday,2/9/2024,69,No,No,N/A,,Purple Tassles,Indigo Jacket,Blurple Sparkles,Purple Guitar,Pastel,Long Gold,Sparkly 13,Gold & Black,Never Ever,Red & Black,Red/Black,MAJI MURI,Red Black Ombre,Black,Black Sparkles,Pink,Koi Fish,Purple Metallic,Red & Black,Snake,Pink,Yellow,0:43,Green,Wood Grain,Pink,Pink,,Pink,,Matching Set,Blue Ombre,,,,,,,,,Purple Fur,Purple,Lines,Multicolor,Navy Sparkles,Maroon,Yes,Maroon,Speak Now,Superman,,,,,Yes,Gold,Debut,The Outside,,,,
69,Asia & Australia Leg,4,Tokyo,Saturday,2/10/2024,70,No,No,N/A,,All Pink,Hot Pink,Blurple Sparkles,Pink Guitar,Pastel,Short Fringe,Sparkly 13,Gold & Black,A Lot Going On,Red & Black,Red/Black,ZETTAI NI NAI,Red Black Ombre,Black,Black Sparkles,Blue,Koi Fish,Purple Metallic,Red & Black,Snake,Blue,Orange,0:59,Green,Wood Grain,Green,Green,,Green,,Matching Set,Blue Ombre,,,,,,,,,Purple Fur,Blue,Cutout,Blue,Navy Sparkles,Green,Yes,Maroon,Fearless,Come in with the Rain,,,,,No,Gold,Midnights,"You're On Your Own, Kid",,,,
70,Asia & Australia Leg,1,Melbourne,Friday,2/16/2024,71,No,Yes,N/A,"""The Bolter"" variant from TTPD and new vinyl variant announced ",Pink & Blue,Silver Jacket,Blurple Sparkles,Pink Guitar,Pastel,Short Fringe,Sparkly 13,Gold & Black,A Lot Going On,Red & Black,Red/Black,YEAH NAH,Red Black Ombre,Black,Black Sparkles,Purple,Koi Fish,Purple Metallic,Red & Black,Snake,Green,Orange,2:33,Green,Wood Grain,Orange,Orange,,Orange,,Matching Set,Blue Ombre,,,,,,,,,Purple Fur,Orchid,Cutout,Blue,Navy Sparkles,Yellow,Yes,Maroon,Red,Red,,,,,Yes,Gold,Midnights,You're Losing Me,,,,
71,Asia & Australia Leg,2,Melbourne,Saturday,2/17/2024,72,No,Yes,N/A,,Blue & Gold,Black Jacket,Blurple Sparkles,Blue Guitar,Pastel,Long Silver,Sparkly 13,Gold & Black,Never Ever,Red & Black,Red/Black,LIKE NAUR,Red Black Ombre,Black,Black Sparkles,Champagne,Koi Fish,Purple Metallic,Red & Black,Snake,Cream,Bronze,2:15,Green,Wood Grain,Pink,Pink,,Pink,,Matching Set,Blue Ombre,,,,,,,,,Purple Fur,Iridescent,Cutout,Multicolor,Navy Sparkles,Maroon,Yes,Maroon,Reputation,Getaway Car,Folklore,august,Fearless,The Other Side of the Door,No,Gold,folklore,this is me trying,,,,
72,Asia & Australia Leg,3,Melbourne,Sunday,2/18/2024,73,No,Yes,N/A,,All Pink,Hot Pink,Blurple Sparkles,Pink Guitar,Pastel,Long Gold,Sparkly 13,Gold & Black,Ew,Red & Black,Red/Black,NAH MATE,Red Black Ombre,Black,Black Sparkles,Blue,Koi Fish,Purple Metallic,Red & Black,Snake,Purple,Orange,2:32,Green,Wood Grain,Blue,Blue,,Blue,,Matching Set,Blue Ombre,,,,,,,,,Purple Fur,Silver,Cutout,Magenta,Navy Sparkles,Blue,Yes,Maroon,Red,Come Back... Be Here,Lover,Daylight,,,No,Gold,Debut,Teardrops on My Guitar,,,,
73,Asia & Australia Leg,1,Sydney,Friday,2/23/2024,74,Yes,Yes,N/A,"""The Albatross"" variant from TTPD announced AND special guest Sabrina Carpenter",Blue & Gold,Black Jacket,Blurple Sparkles,Blue Guitar,Pastel,Short Fringe,Sparkly 13,Gold & Black,A Lot Going On,Red & Black,Red/Black,YEAH NAHHH,Red Black Ombre,Black,Black Sparkles,Blue,Koi Fish,Purple Metallic,Red & Black,Snake,Cream,Orange,2:14,Green,Wood Grain,Pink,Pink,,Pink,,Matching Set,Blue Ombre,,,,,,,,,Purple Fur,Orchid,Cutout,Blue,Navy Sparkles,Maroon,Yes,Maroon,1989,How You Get The Girl,,,,,Yes,Gold,Fearless,White Horse,evermore,coney island,,
74,Asia & Australia Leg,2,Sydney,Saturday,2/24/2024,75,No,No,N/A,,Pink & Blue,Silver Jacket,Blurple Sparkles,Pink Guitar,Pastel,Long Silver,Sparkly 13,Gold & Black,Ew,Red & Black,Red/Black,TELL HIM HE'S DREAMING,Red Black Ombre,Black,Black Sparkles,Purple,Koi Fish,Purple Metallic,Red & Black,Snake,Pink,Bronze,2:34,Green,Wood Grain,Blue,Blue,,Blue,,Matching Set,Blue Ombre,,,,,,,,,Purple Fur,Iridescent,Cutout,Magenta,Navy Sparkles,Blue,Yes,Maroon,Debut,Should've Said No,Fearless,You're Not Sorry,,,Yes,Gold,reputation,New Year's Day,folklore,peace,,
75,Asia & Australia Leg,3,Sydney,Sunday,2/25/2024,76,No,No,N/A,,Purple Tassles,Indigo Jacket,Blurple Sparkles,Purple Guitar,Pastel,Long Gold,Sparkly 13,Gold & Black,Never Ever,Red & Black,Red/Black,BUGGER OFF,Red Black Ombre,Black,Black Sparkles,Pink,Koi Fish,Purple Metallic,Red & Black,Snake,Purple,Yellow,2:44,Green,Wood Grain,Orange,Orange,,Orange,,Matching Set,Blue Ombre,,,,,,,,,Purple Fur,Silver,Cutout,Multicolor,Navy Sparkles,Yellow,Yes,Maroon,1989,Is It Over Now?,1989,I Wish You Would,,,No,Gold,Speak Now,Haunted,folklore,exile,,
76,Asia & Australia Leg,4,Sydney,Monday,2/26/2024,77,No,No,N/A,,All Pink,Hot Pink,Blurple Sparkles,Pink Guitar,Pastel,Short Fringe,Sparkly 13,Gold & Black,A Lot Going On,Red & Black,Red/Black,RACK OFF MATE,Red Black Ombre,Black,Black Sparkles,Champagne,Koi Fish,Purple Metallic,Red & Black,Snake,Blue,Bronze,1:36,Green,Wood Grain,Green,Green,,Green,,Matching Set,Blue Ombre,,,,,,,,,Purple Fur,Blue,Cutout,Blue,Navy Sparkles,Green,Yes,Maroon,Midnights,Would've Could've Should've,evermore,ivy,,,No,Gold,Fearless,Forever & Always,Midnights,Maroon,,
77,Asia & Australia Leg,1,Singapore,Saturday,3/2/2024,78,No,No,N/A,,Pink & Blue,Silver Jacket,Blurple Sparkles,Pink Guitar,Pastel,Long Silver,Sparkly 13,Gold & Black,Ew,Red & Black,Red/Black,NO LAH,Red Black Ombre,Black,Black Sparkles,Purple,Koi Fish,Purple Metallic,Red & Black,Snake,Cream,Orange,0:50,Green,Wood Grain,Orange,Orange,,Orange,,Matching Set,Blue Ombre,,,,,,,,,Purple Fur,Orchid,Cutout,Magenta,Navy Sparkles,Yellow,Yes,Maroon,Speak Now,Mine,Red,Starlight,,,Yes,Gold,Non-Album,I Don't Wanna Live Forever,reputation,Dress,,
78,Asia & Australia Leg,2,Singapore,Sunday,3/3/2024,79,No,Yes,N/A,"""The Black Dog"" variant from TTPD announced ",Blue & Gold,Black Jacket,Blurple Sparkles,Blue Guitar,Pastel,Short Fringe,Sparkly 13,Gold & Black,A Lot Going On,Red & Black,Red/Black,SIAO AH,Red Black Ombre,Black,Black Sparkles,Champagne,Koi Fish,Purple Metallic,Red & Black,Snake,Pink,Bronze,2:12,Green,Wood Grain,Green,Green,,Green,,Matching Set,Blue Ombre,,,,,,,,,Purple Fur,Blue,Cutout,Multicolor,Navy Sparkles,Green,Yes,Maroon,evermore,long story short,Speak Now,The Story of Us,,,Yes,Gold,1989,Clean,evermore,evermore,,
79,Asia & Australia Leg,3,Singapore,Monday,3/4/2024,80,No,No,N/A,,Purple Tassles,Indigo Jacket,Blurple Sparkles,Purple Guitar,Pastel,Long Gold,Sparkly 13,Gold & Black,Never Ever,Red & Black,Red/Black,WALAO EH,Red Black Ombre,Black,Black Sparkles,Pink,Koi Fish,Purple Metallic,Red & Black,Snake,Blue,Yellow,1:00,Green,Wood Grain,Pink,Pink,,Pink,,Matching Set,Blue Ombre,,,,,,,,,Purple Fur,Iridescent,Cutout,Blue,Navy Sparkles,Maroon,Yes,Maroon,Speak Now,Foolish One,Fearless,Tell Me Why,,,No,Gold,1989,This Love,reputation,Call It What You Want,,
80,Asia & Australia Leg,4,Singapore,Thursday,3/7/2024,81,No,No,N/A,,Blue & Gold,Black Jacket,Blurple Sparkles,Blue Guitar,Pastel,Long Gold,Sparkly 13,Gold & Black,Never Ever,Red & Black,Red/Black,ALAMAK,Red Black Ombre,Black,Black Sparkles,Champagne,Koi Fish,Purple Metallic,Red & Black,Snake,Cream,Orange,2:14,Green,Wood Grain,Pink,Pink,,Pink,,Matching Set,Blue Ombre,,,,,,,,,Purple Fur,Blue,Cutout,Multicolor,Navy Sparkles,Maroon,Yes,Maroon,Lover,Death by a Thousand Cuts,Red,Babe,,,No,Gold,Fearless,Fifteen,Midnights,"You're On Your Own, Kid",,
81,Asia & Australia Leg,5,Singapore,Friday,3/8/2024,82,No,No,N/A,,All Pink,Hot Pink,Blurple Sparkles,Pink Guitar,Pastel,Long Silver,Sparkly 13,Gold & Black,A Lot Going On,Red & Black,Red/Black,WAH PIANG EH,Red Black Ombre,Black,Black Sparkles,Pink,Koi Fish,Purple Metallic,Red & Black,Snake,Pink,Orange,2:16,Green,Wood Grain,Orange,Orange,,Orange,,Matching Set,Blue Ombre,,,,,,,,,Purple Fur,Iridescent,Cutout,Magenta,Navy Sparkles,Yellow,Yes,Maroon,Speak Now,Sparks Fly,evermore,gold rush,,,No,Gold,Lover,False God,1989,"""Slut!""",,
82,Asia & Australia Leg,6,Singapore,Saturday,3/9/2024,83,No,No,N/A,,Pink & Blue,Silver Jacket,Blurple Sparkles,Pink Guitar,Pastel,Short Fringe,Sparkly 13,Gold & Black,Ew,Red & Black,Red/Black,"HANNOR, ABUDEN?",Red Black Ombre,Black,Black Sparkles,Purple,Koi Fish,Purple Metallic,Red & Black,Snake,Cream,Orange,1:59,Green,Wood Grain,Blue,Blue,,Blue,,Matching Set,Blue Ombre,,,,,,,,,Purple Fur,Orchid,Cutout,Blue,Navy Sparkles,Blue,Yes,Maroon,Debut,Tim McGraw,evermore,cowboy like me,,,No,Gold,folklore,mirrorball,folklore,epiphany,,
83,Europe Leg,1,Paris,Thursday,5/9/2024,84,No,Yes,N/A,"Changed setlist (TTPD added, songs cut, folkmore, and new outfits)",Pink & Orange,Orange,Blurple Sparkles,Pink Guitar,Pastel,Silver/Black/Gold,Sparkly 13,Gold & Black,Taylor's Version,Red & Black,Red/Black 2.0,GENRE JAMAIS,Red Black Ombre,Black,Black Sparkles,Swirls,,Purple Metallic,Red & Black,Snake,Yellow,,1:45,Eggplant,Wood Grain,,Pink,Blue,Pink,Blue,"Top-Left, Skirt-Right",Blue Ombre,I Love You,No Gloves,Black & Gold,White,White,Black,Gold-Black Trim,Gold,Purple Fur,Orchid,Chevron,Blue,Navy Sparkles,Pink,Yes,Maroon,Midnights,Paris,,,,,No,Gold,TTPD,loml,,,,
84,Europe Leg,2,Paris,Friday,5/10/2024,85,No,Yes,N/A,,Pink & Blue,Silver Jacket,Pastel,Pink Guitar,Pastel,Short Fringe,Sparkly 13,Gold & Black,I Bet You Think,Red & Black,Red/Black 2.0,JE CROIS PAS NAN,Red Black Ombre,Black,Black Sparkles,Purple,,Purple Metallic,Red & Black,Snake,Berry,,1:21,Eggplant,Wood Grain,,Orange,Purple,Purple,Orange,"Skirt-Left, Top-Right",Purple Metallic,I Love You,No Gloves,Pearl,White,White,White-Silver,White-Silver Trim,Gold,Purple Fur,Silver,Cutout,Magenta,Navy Sparkles,New Blue,Yes,Maroon,1989,Is It Over Now?,1989,Out of the Woods,,,No,Gold,TTPD,My Boy Only Breaks His Favorite Toys,,,,
85,Europe Leg,3,Paris,Saturday,5/11/2024,86,No,Yes,N/A,,Blue & Gold,Black Jacket,Pastel,Blue Guitar,Pastel,Long Silver,Sparkly 13,Gold & Black,A Lot Going On,Red & Black,Red/Black 2.0,DANS TES RÊVES,Red Black Ombre,Black,Black Sparkles,Champagne,,Purple Metallic,Red & Black,Snake,Pink,,1:53,Eggplant,Wood Grain,,Green,Pink,Pink,Green,"Skirt-Left, Top-Right",Purple Metallic,I Love You,No Gloves,Black & Silver,White,White,Graphite,Graphite-Black Trim,Gold,Purple Fur,Blue,Swirls,Multicolor,Navy Sparkles,Orange,Yes,Maroon,Fearless,Hey Stephen,,,,,No,Gold,Midnights,Maroon,,,,
86,Europe Leg,4,Paris,Sunday,5/12/2024,87,No,No,N/A,,Pink & Orange,Orange,Pastel,Pink Guitar,Pastel,Silver/Black/Gold,Sparkly 13,Gold & Black,Trouble,Red & Black,Red/Black 2.0,C'EST MORT,Red Black Ombre,Black,Black Sparkles,Swirls,,Purple Metallic,Red & Black,Snake,Berry,,2:15,Eggplant,Wood Grain,,Yellow,Orange,Yellow,Orange,"Top-Left, Skirt-Right",Purple Metallic,I Love You,No Gloves,Pearl,White,White,White-Silver,Silver-Black Trim,Gold,Purple Fur,Iridescent,Chevron,Blue,Navy Sparkles,New Blue,Yes,Maroon,TTPD,The Alchemy,Red,Treacherous,,,Yes,Gold,Red,Begin Again,Midnights,Paris,,
87,Europe Leg,1,Stockholm,Friday,5/17/2024,88,No,No,N/A,,Pink & Blue,Silver Jacket,Blurple Sparkles,Pink Guitar,Pastel,Silver/Black/Gold,Sparkly 13,Gold & Black,Trouble,Red & Black,Red/Black 2.0,ALLTSÅ ALDRIG,Red Black Ombre,Black,Black Sparkles,Blue,,Purple Metallic,Red & Black,Snake,Yellow,,2:04,Eggplant,Wood Grain,,Yellow,Blue,Yellow,Blue,"Top-Left, Skirt-Right",Blue Ombre,I Love You,No Gloves,Black & Silver,White,White,Black,Gold-Black Trim,Gold,Purple Fur,Silver,Chevron,Multicolor,Navy Sparkles,Pink,Yes,Maroon,Lover,I Think He Knows,reputation,Gorgeous,,,Yes,Gold,TTPD,Peter,,,,
88,Europe Leg,2,Stockholm,Saturday,5/18/2024,89,No,No,N/A,,Purple Tassles,Indigo Jacket,Blurple Sparkles,Purple Guitar,Pastel,Short Fringe,Sparkly 13,Gold & Black,A Lot Going On,Red & Black,Red/Black 2.0,DRÖM VIDARE,Red Black Ombre,Black,Black Sparkles,Swirls,,Purple Metallic,Red & Black,Snake,Blue,,1:52,Eggplant,Wood Grain,,Pink,Orange,Pink,Orange,"Top-Left, Skirt-Right",Purple Metallic,I Love You,No Gloves,Pearl,White,White,White-Silver,White-Silver Trim,Gold,Purple Fur,Purple,Swirls,Magenta,Navy Sparkles,Orange,Yes,Maroon,TTPD,Guilty as Sin?,,,,,Yes,Gold,1989,Say Don't Go,1989,Welcome to New York,1989,Clean
89,Europe Leg,3,Stockholm,Sunday,5/19/2024,90,No,No,N/A,,Pink & Orange,Orange,Blurple Sparkles,Pink Guitar,Pastel,Silver/Black/Gold,Sparkly 13,Gold & Black,Never Ever,Red & Black,Red/Black 2.0,HAN KAN DRA,Red Black Ombre,Black,Black Sparkles,Champagne,,Purple Metallic,Red & Black,Snake,Green,,1:59,Eggplant,Wood Grain,,Blue,Yellow,Yellow,Blue,"Skirt-Left, Top-Right",Blue Ombre,I Love You,No Gloves,Black & Gold,White,White,Gold & Black,Gold-Black Trim,Gold,Purple Fur,Pink,Chevron,Blue,Navy Sparkles,New Blue,Yes,Maroon,Red,Message in a Bottle,1989,How You Get The Girl,Lover,New Romantics,Yes,Gold,TTPD,How Did It End?,,,,
90,Europe Leg,1,Lisbon,Friday,5/24/2024,91,No,No,N/A,,Pink & Blue,Silver Jacket,Blurple Sparkles,Pink Guitar,Pastel,Short Fringe,Sparkly 13,Gold & Black,I Bet You Think,Red & Black,Red/Black 2.0,NUNCA MAIS,Red Black Ombre,Black,Black Sparkles,Purple,,Purple Metallic,Red & Black,Snake,Cream,,2:27,Eggplant,Wood Grain,,Purple,Blue,Purple,Blue,"Top-Left, Skirt-Right",Blue Ombre,I Love You,No Gloves,Black & Silver,White,White,Graphite,Graphite-Black Trim,Gold,Purple Fur,Orchid,Chevron,Blue,Navy Sparkles,Orange,Yes,Maroon,Red,Come Back... Be Here,Fearless,The Way I Loved You,Fearless,The Other Side of the Door,Yes,Gold,TTPD,Fresh Out The Slammer,Midnights,High Infidelity,,
91,Europe Leg,2,Lisbon,Saturday,5/25/2024,92,No,No,N/A,,Pink & Orange,Orange,Blurple Sparkles,Pink Guitar,Pastel,Silver/Black/Gold,Sparkly 13,Gold & Black,Taylor's Version,Red & Black,Red/Black 2.0,NEM QUE A VACA TUSSA,Red Black Ombre,Black,Black Sparkles,Swirls,,Purple Metallic,Red & Black,Snake,Berry,,2:50,Eggplant,Wood Grain,,Pink,Yellow,Pink,Yellow,"Top-Left, Skirt-Right",Blue Ombre,I Love You,No Gloves,Pearl,White,White,White-Silver,White-Silver Trim,Gold,Purple Fur,Blue,Swirls,Magenta,Navy Sparkles,Pink,Yes,Maroon,TTPD,The Tortured Poets Department,1989,Now That We Don't Talk,,,No,Gold,Midnights,"You're On Your Own, Kid",Speak Now,Long Live,,
92,Europe Leg,1,Madrid,Wednesday,5/29/2024,93,No,No,N/A,,Pink & Blue,Silver Jacket,Blurple Sparkles,Pink Guitar,Pastel,Silver/Black/Gold,Sparkly 13,Gold & Black,Never Ever,Red & Black,Red/Black 2.0,NI DE COÑA!,Red Black Ombre,Black,Black Sparkles,Swirls,,Purple Metallic,Red & Black,Snake,Blue,,2:35,Eggplant,Wood Grain,,Orange,Yellow,Yellow,Orange,"Skirt-Left, Top-Right",Blue Ombre,I Love You,No Gloves,Black & Gold,White,White,Gold & Black,Gold-Black Trim,Gold,Purple Fur,Iridescent,Chevron,Blue,Navy Sparkles,Orange,Yes,Maroon,Speak Now,Sparks Fly,TTPD,I Can Fix Him (No Really I Can),,,Yes,Gold,TTPD,I Look in People's Windows,Midnights,Snow on the Beach,,
93,Europe Leg,2,Madrid,Thursday,5/30/2024,94,No,No,,,Purple Tassles,Indigo Jacket,Blurple Sparkles,Purple Guitar,Pastel,Long Gold,Sparkly 13,Gold & Black,I Bet You Think,Red & Black,Red/Black 2.0,NI BORRACHA!,Red Black Ombre,Black,Black Sparkles,Blue,,Purple Metallic,Red & Black,Snake,Berry,,2:18,Eggplant,Wood Grain,,Pink,Purple,Purple,Pink,"Skirt-Left, Top-Right",Blue Ombre,I Love You,No Gloves,Black & Silver,White,White,White-Silver,Silver-Black Trim,Gold,Purple Fur,Blue,Swirls,Multicolor,Navy Sparkles,New Blue,Yes,Maroon,Debut,Our Song,Fearless,Jump Then Fall,,,No,Gold,reputation,King of My Heart,,,,
94,Europe Leg,1,Lyon,Sunday,6/2/2024,95,No,No,N/A,,Blue & Gold,Black Jacket,Blurple Sparkles,Blue Guitar,Pastel,Short Fringe,Sparkly 13,Gold & Black,Trouble,Red & Black,Red/Black 2.0,JAMAIS DE LA VIE,Red Black Ombre,Black,Black Sparkles,Champagne,,Purple Metallic,Red & Black,Snake,Green,,2:05,Eggplant,Wood Grain,,Orange,Orange,Orange,Orange,Matching Set,Blue Ombre,I Love You,No Gloves,Black & Silver,White,White,Graphite,Graphite-Black Trim,Gold,Purple Fur,Pink,Chevron,Magenta,Navy Sparkles,Pink,Yes,Maroon,TTPD,The Prophecy,evermore,long story short,,,Yes,Gold,Fearless,Fifteen,Midnights,"You're On Your Own, Kid",,
95,Europe Leg,2,Lyon,Monday,6/3/2024,96,No,No,N/A,,All Pink,Hot Pink,Blurple Sparkles,Pink Guitar,Pastel,Silver/Black/Gold,Sparkly 13,Gold & Black,Ew,Red & Black,Red/Black 2.0,LAISSE TOMBER,Red Black Ombre,Black,Black Sparkles,Purple,,Purple Metallic,Red & Black,Snake,Yellow,,2:32,Eggplant,Wood Grain,,Green,Blue,Blue,Green,"Skirt-Left, Top-Right",Blue Ombre,I Love You,No Gloves,Black & Silver,White,White,Black,Silver-Black Trim,Gold,Purple Fur,Orchid,Cutout,Blue,Navy Sparkles,Orange,Yes,Maroon,Midnights,Glitch,Red,Everything Has Changed,,,Yes,Gold,TTPD,Chloe or Sam or Sophia or Marcus,,,,
96,Europe Leg,1,Edinburgh,Friday,6/7/2024,97,No,No,N/A,,Blue & Gold,Black Jacket,Blurple Sparkles,Blue Guitar,Pastel,Silver/Black/Gold,Sparkly 13,Gold & Black,Taylor's Version,Red & Black,Red/Black 2.0,NAE CHANCE!,Red Black Ombre,Black,Black Sparkles,Swirls,,Purple Metallic,Red & Black,Snake,Green,,2:14,Eggplant,Wood Grain,,Yellow,Pink,Pink,Yellow,"Skirt-Left, Top-Right",Blue Ombre,I Love You,No Gloves,Pearl,White,White,White-Silver,White-Silver Trim,Gold,Purple Fur,Pink,Swirls,Multicolor,Navy Sparkles,New Blue,Yes,Maroon,Midnights,Would've Could've Should've,1989,I Know Places,,,Yes,Gold,evermore,tis the damn season,Lover,Daylight,,
97,Europe Leg,2,Edinburgh,Saturday,6/8/2024,98,No,No,N/A,,Pink & Blue,Silver Jacket,Blurple Sparkles,Pink Guitar,Pastel,Long Silver,Sparkly 13,Gold & Black,I Bet You Think,Red & Black,Red/Black 2.0,YA WEE RADGE!,Red Black Ombre,Black,Black Sparkles,Blue,,Purple Metallic,Red & Black,Snake,Berry,,1:32,Eggplant,Wood Grain,,Blue,Purple,Purple,Blue,"Skirt-Left, Top-Right",Blue Ombre,I Love You,Black,Black & Gold,White,White,Gold & Black,Gold-Black Trim,Gold,Purple Fur,Purple,Chevron,Blue,Navy Sparkles,Orange,Yes,Maroon,TTPD,The Bolter,reputation,Getaway Car,,,No,Gold,Lover,All of the Girls You Loved Before,Non-Album,Crazier,,
98,Europe Leg,3,Edinburgh,Sunday,6/9/2024,99,No,No,N/A,,Purple Tassles,Indigo Jacket,Blurple Sparkles,Purple Guitar,Pastel,Short Fringe,Sparkly 13,Gold & Black,Trouble,Red & Black,Red/Black 2.0,BOLT YA ROCKET!,Red Black Ombre,Black,Black Sparkles,Swirls,,Purple Metallic,Red & Black,Snake,Cream,,1:27,Eggplant,Wood Grain,,Purple,Green,Green,Purple,"Skirt-Left, Top-Right",Blue Ombre,I Love You,Black,Black & Silver,White,White,Graphite,Graphite-Black Trim,Gold,Purple Fur,Silver,Cutout,Magenta,Navy Sparkles,Pink,Yes,Maroon,Lover,It's Nice to Have a Friend,evermore,dorothea,,,Yes,Gold,Speak Now,Haunted,folklore,exile,,
99,Europe Leg,1,Liverpool,Thursday,6/13/2024,100,No,No,N/A,The 100th night of the Eras Tour!,All Pink,Hot Pink,Blurple Sparkles,Pink Guitar,Pastel,Silver/Black/Gold,Sparkly 13,Gold & Black,Ew,Red & Black,Red/Black 2.0,"""FOR THE 100TH TIME, NO!""",Red Black Ombre,Black,Black Sparkles,Champagne,,Purple Metallic,Red & Black,Snake,Green,,2:07,Eggplant,Wood Grain,,Blue,Pink,Blue,Pink,"Top-Left, Skirt-Right",Blue Ombre,I Love You,White,Pearl,White,White,White-Silver,White-Silver Trim,Gold,Purple Fur,Purple,Chevron,Multicolor,Navy Sparkles,Pink,Yes,Maroon,Speak Now,I Can See You,Speak Now,Mine,,,Yes,Gold,Lover,Cornelia Street,Midnights,Maroon,,
100,Europe Leg,2,Liverpool,Friday,6/14/2024,101,No,No,N/A,,Pink & Orange,Orange,Blurple Sparkles,Pink Guitar,Pastel,Short Fringe,Sparkly 13,Gold & Black,A Lot Going On,Red & Black,Red/Black 2.0,EEE GET ON YER BIKE,Red Black Ombre,Black,Black Sparkles,Purple,,Purple Metallic,Red & Black,Snake,Blue,,1:52,Eggplant,Wood Grain,,Purple,Orange,Orange,Purple,"Skirt-Left, Top-Right",Blue Ombre,I Love You,Sparkly Black,Black & Gold,White,White,Black,Gold-Black Trim,Gold,Purple Fur,Iridescent,Swirls,Magenta,Navy Sparkles,New Blue,Yes,Maroon,Non-Album,This is What You Came For,evermore,gold rush,,,Yes,Gold,Midnights,The Great War,Midnights,You're Losing Me,,
101,Europe Leg,3,Liverpool,Saturday,6/15/2024,102,No,No,N/A,,Pink & Blue,Silver Jacket,Blurple Sparkles,Pink Guitar,Pastel,Silver/Black/Gold,Sparkly 13,Gold & Black,Never Ever,Red & Black,Red/Black 2.0,JOG ON LAD!,Red Black Ombre,Black,Black Sparkles,Swirls,,Purple Metallic,Red & Black,Snake,Berry,,1:49,Eggplant,Wood Grain,,Yellow,Green,Yellow,Green,"Top-Left, Skirt-Right",Blue Ombre,I Love You,Sparkly Black,Black & Silver,White,White,Graphite,Graphite-Black Trim,Gold,Purple Fur,Pink,Chevron,Blue,Navy Sparkles,Orange,Yes,Maroon,Non-Album,Carolina,evermore,"no body, no crime",,,No,Gold,TTPD,The Manuscript,Red,Red,,
102,Europe Leg,1,Cardiff,Tuesday,6/18/2024,103,No,No,N/A,,Blue & Gold,Black Jacket,Blurple Sparkles,Blue Guitar,Pastel,Silver/Black/Gold,Sparkly 13,Gold & Black,A Lot Going On,Red & Black,Red/Black 2.0,YCH A FI,Red Black Ombre,Black,Black Sparkles,Champagne,,Purple Metallic,Red & Black,Snake,Berry,,2:29,Eggplant,Wood Grain,,Green,Orange,Orange,Green,"Skirt-Left, Top-Right",Blue Ombre,I Love You,Sparkly Black,Black & Silver,White,White,White-Silver,Silver-Black Trim,Gold,Purple Fur,Orchid,Chevron,Magenta,Navy Sparkles,Orange,Yes,Maroon,Lover,I Forgot That You Existed,reputation,This Is Why We Can't Have Nice Things,,,Yes,Gold,TTPD,I Hate It Here,folklore,the lakes,,
103,Europe Leg,1,London,Friday,6/21/2024,104,No,No,N/A,,Blue & Gold,Black Jacket,Blue & Gold,Blue Guitar,Pastel,Silver/Black/Gold,Sparkly 13,Gold & Black,Ew,Red & Black,Red/Black 2.0,WHY DON'T YOU JUST BOG OFF!,Red Black Ombre,Black,Black Sparkles,Champagne,,Purple Sparkles,Red & Black,Snake,Berry,,3:10,Eggplant,Wood Grain,,Orange,Blue,Orange,Blue,"Top-Left, Skirt-Right",Blue Ombre,I Love You,Sparkly Black,Black & Gold,TTPD,White,Gold & Black,Gold-Black Trim,Gold,Purple Fur,Orchid,Chevron,Blue,Navy Sparkles,Orange,Yes,Maroon,Midnights,Hits Different,Lover,Death by a Thousand Cuts,,,Yes,Gold,TTPD,The Black Dog,Red,Come Back... Be Here,Midnights,Maroon
104,Europe Leg,2,London,Saturday,6/22/2024,105,Yes,No,N/A,Special Guest Hayley Williams to sing Castles Crumbling!,Pink & Orange,Orange,Pink & Orange,Pink Guitar,Pastel,Long Silver,Sparkly 13,Gold & Black,A Lot Going On,Red & Black,Red/Black 2.0,DO ONE TOSSER!,Red Black Ombre,Black,Black Sparkles,Swirls,,Purple Sparkles,Red & Black,Snake,Cream,,2:14,Eggplant,Wood Grain,,Purple,Pink,Pink,Purple,"Skirt-Left, Top-Right",Purple Metallic,I Love You,Sparkly Black,Black & Silver,TTPD,White,Graphite,Graphite-Black Trim,Silver,Purple Fur,Silver,Chevron,Magenta,Navy Sparkles,New Blue,Yes,Maroon,TTPD,thanK you aIMee,Speak Now,Mean,,,Yes,Gold,Speak Now,Castles Crumbling,,,,
105,Europe Leg,3,London,Sunday,6/23/2024,106,Yes,Yes,N/A,"Special Guest Gracie Abrams to sing us. Travis Appearance, goes on during ICDIWABH intro! Gracie accidentally takes gold mic, Taylor uses maroon for piano.",Pink & Blue,Silver Jacket,Blurple Sparkles,Pink Guitar,Pastel,Short Fringe,Sparkly 13,Gold & Black,Never Ever,Red & Black,Red/Black 2.0,UP YOURS WANKER!,Red Black Ombre,Black,Black Sparkles,Purple,,Purple Metallic,Red & Black,Snake,Green,,2:46,Eggplant,Wood Grain,,Pink,Green,Pink,Green,"Top-Left, Skirt-Right",Green Ombre,I Love You,Sparkly Black,Black & Silver,TTPD,White,White-Silver,Silver-Black Trim,White,Purple Fur,Iridescent,Chevron,Multicolor,Navy Sparkles,Pink,Yes,Maroon,Non-Album,us.,,,,,Yes,Maroon,1989,Is It Over Now?,1989,Clean,,
106,Europe Leg,1,Dublin,Friday,6/28/2024,107,No,No,N/A,,All Pink,Hot Pink,Pink & Orange,Pink Guitar,Pastel,Silver/Black/Gold,Sparkly 13,Gold & Black,I Bet You Think,Red & Black,Red/Black 2.0,PÓG MO THÓIN!,Red Black Ombre,Black,Black Sparkles,Purple,,Purple Metallic,Red & Black,Snake,Green,,2:28,Eggplant,Rain Mic,,Orange,Green,Green,Orange,"Skirt-Left, Top-Right",Green Ombre,I Love You,Sparkly Black,Black & Silver,TTPD,White,Graphite,Graphite-Black Trim,Silver,Purple Fur,Purple,Chevron,Multicolor,Navy Sparkles,New Blue,Yes,Maroon,Red,State of Grace,Midnights,"You're On Your Own, Kid",,,No,Gold,Midnights,Sweet Nothing,folklore,hoax,,
107,Europe Leg,2,Dublin,Saturday,6/29/2024,108,No,No,N/A,,Purple Tassles,Indigo Jacket,Blurple Sparkles,Purple Guitar,Pastel,Short Fringe,Sparkly 13,Gold & Black,Taylor's Version,Red & Black,Red/Black 2.0,THE NECK OF YE!,Red Black Ombre,Black,Black Sparkles,Blue,,Purple Sparkles,Red & Black,Snake,Cream,,3:07,Eggplant,Wood Grain,,Yellow,Purple,Purple,Yellow,"Skirt-Left, Top-Right",Yellow Ombre,I Love You,Black,Black & Silver,TTPD,White,Black,Silver-Black Trim,White,Purple Fur,Pink,Swirls,Blue,Navy Sparkles,Pink,Yes,Maroon,TTPD,The Albatross,reputation,Dancing with Our Hands Tied,,,No,Gold,1989,This Love,Speak Now,Ours,,
108,Europe Leg,3,Dublin,Sunday,6/30/2024,109,No,No,N/A,,Blue & Gold,Black Jacket,Blue & Gold,Blue Guitar,Pastel,Silver/Black/Gold,Sparkly 13,Gold & Black,Ew,Red & Black,Red/Black 2.0,BLEEDING EEJIT!,Red Black Ombre,Black,Black Sparkles,Champagne,,Purple Sparkles,Red & Black,Snake,Berry,,3:12,Eggplant,Wood Grain,,Green,Orange,Green,Orange,"Top-Left, Skirt-Right",Green Ombre,I Love You,Sparkly White,Pearl,TTPD,White,White-Silver,White-Silver Trim,Silver,Purple Fur,Orchid,Chevron,Magenta,Navy Sparkles,Orange,Yes,Maroon,TTPD,Clara Bow,Red,The Lucky One,,,No,Gold,Midnights,"You're On Your Own, Kid",,,,
109,Europe Leg,1,Amsterdam,Thursday,7/4/2024,110,No,No,N/A,,Pink & Blue,Silver Jacket,Blurple Sparkles,Pink Guitar,Pastel,Silver/Black/Gold,Sparkly 13,Gold & Black,Trouble,Red & Black,Red/Black 2.0,MIJ NIET BELLEN!,Red Black Ombre,Black,Black Sparkles,Purple,,Purple Metallic,Red & Black,Snake,Purple,,2:24,Eggplant,Wood Grain,,Blue,Orange,Orange,Blue,"Skirt-Left, Top-Right",Blue Ombre,I Love You,Sparkly Black,Black & Silver,TTPD,White,Graphite,Graphite-Black Trim,Silver,Purple Fur,Silver,Chevron,Multicolor,Navy Sparkles,Orange,Yes,Maroon,TTPD,Guilty as Sin?,Fearless,Untouchable,,,Yes,Gold,Lover,The Archer,Midnights,Question...?,,
110,Europe Leg,2,Amsterdam,Friday,7/5/2024,111,No,No,N/A,,Blue & Gold,Black Jacket,Blue & Gold,Blue Guitar,Pastel,Long Gold,Sparkly 13,Gold & Black,Taylor's Version,Red & Black,Red/Black 2.0,IN JE DROMEN!,Red Black Ombre,Black,Black Sparkles,Swirls,,Purple Sparkles,Red & Black,Snake,Berry,,2:45,Eggplant,Wood Grain,,Green,Purple,Green,Purple,"Top-Left, Skirt-Right",Green Ombre,I Love You,Sparkly White,Pearl,TTPD,White,White-Silver,White-Silver Trim,White,Purple Fur,Blue,Chevron,Blue,Navy Sparkles,New Blue,Yes,Maroon,TTPD,imgonnagetyouback,reputation,Dress,,,Yes,Gold,1989,You Are in Love,evermore,cowboy like me,,
111,Europe Leg,3,Amsterdam,Saturday,7/6/2024,112,No,No,N/A,,Pink & Orange,Orange,Pink & Orange,Pink Guitar,Pastel,Silver/Black/Gold,Sparkly 13,Gold & Black,A Lot Going On,Red & Black,Red/Black 2.0,ECHT NIET!,Red Black Ombre,Black,Black Sparkles,Champagne,,Purple Sparkles,Red & Black,Snake,Green,,2:56,Eggplant,Wood Grain,,Orange,Pink,Pink,Orange,"Skirt-Left, Top-Right",Pink & Orange,I Love You,Sparkly Black,Black & Gold,TTPD,White,Black,Gold-Black Trim,Gold,Purple Fur,Orchid,Chevron,Magenta,Navy Sparkles,Pink,Yes,Maroon,Non-Album / 1989,Sweeter than Fiction,Red,Holy Ground,,,Yes,Gold,Debut,Mary's Song (Oh My My My),TTPD,So High School,Red,Everything Has Changed
112,Europe Leg,1,Zürich,Tuesday,7/9/2024,113,No,No,N/A,,Purple Tassles,Indigo Jacket,Blurple Sparkles,Purple Guitar,Pastel,Short Fringe,Sparkly 13,Gold & Black,Ew,Red & Black,Red/Black 2.0,BLAS MER ID SCHUEH!!,Red Black Ombre,Black,Black Sparkles,Champagne,,Purple Sparkles,Red & Black,Snake,Berry,,1:10,Eggplant,Wood Grain,,Blue,Green,Green,Blue,"Skirt-Left, Top-Right",Green Ombre,I Love You,Sparkly Black,Black & Silver,TTPD,White,Black,Graphite-Black Trim,Silver,Purple Fur,Pink,Chevron,Magenta,Navy Sparkles,Orange,Yes,Maroon,evermore,right where you left me,1989,All You Had to Do Was Stay,,,Yes,Gold,Speak Now,Last Kiss,Red,Sad Beautiful Tragic,,
113,Europe Leg,2,Zürich,Wednesday,7/10/2024,114,No,No,N/A,,Blue & Gold,Black Jacket,Blue & Gold,Blue Guitar,Pastel,Silver/Black/Gold,Sparkly 13,Gold & Black,Never Ever,Red & Black,Red/Black 2.0,VERREIS!,Red Black Ombre,Black,Black Sparkles,Purple,,Purple Metallic,Red & Black,Snake,Blue,,1:33,Eggplant,Wood Grain,,Purple,Yellow,Yellow,Purple,"Skirt-Left, Top-Right",Yellow Ombre,I Love You,Sparkly White,Pearl,TTPD,White,White-Silver,White-Silver Trim,White,Purple Fur,Iridescent,Chevron,Blue,Navy Sparkles,Pink,Yes,Maroon,evermore,closure,Debut,A Perfectly Good Heart,,,Yes,Gold,TTPD,Robin,Speak Now,Never Grow Up,,
114,Europe Leg,1,Milan,Saturday,7/13/2024,115,No,No,N/A,,Pink & Blue,Silver Jacket,Blurple Sparkles,Pink Guitar,Pastel,Gold/Black Tiger,Sparkly 13,Gold & Black,I Bet You Think,Red & Black,Red/Black 2.0,COL CAZZO!,Red Black Ombre,Black,Black Sparkles,Swirls,,Purple Sparkles,Red & Black,Snake,Berry,,2:19,Eggplant,Wood Grain,,Blue,Blue,Blue,Blue,Matching Set,Blue Ombre,Who's Afraid?,Sparkly White,Pearl,TTPD,White,White-Silver,White-Silver Trim,White,Purple Fur,Silver,Chevron,Magenta,Navy Sparkles,Orange,Yes,Maroon,folklore,the 1,1989,Wonderland,,,No,Gold,Red,Red,Red,The Moment I Knew,,
115,Europe Leg,2,Milan,Sunday,7/14/2024,116,No,No,N/A,"Surprise Piano Broke, Taylor Fixed Briefly",Pink & Orange,Orange,Pink & Orange,Pink Guitar,Pastel,Short Fringe,Sparkly 13,Gold & Black,Taylor's Version,Red & Black,Red/Black 2.0,MANCO MORTA!,Red Black Ombre,Black,Black Sparkles,Purple Waves,,Purple Sparkles,Red & Black,Snake,Green,,2:09,Eggplant,Wood Grain,,Pink,Pink,Pink,Pink,Matching Set,Pink & Orange,Who's Afraid?,Sparkly Black,Black & Silver,TTPD,White,Graphite,Graphite-Black Trim,Silver,Purple Fur,Orchid,Chevron,Blue,Navy Sparkles,New Blue,Yes,Maroon,Fearless,Mr. Perfectly Fine,Red,Red,,,Yes,Gold,reputation,Getaway Car,1989,Out of the Woods,,
116,Europe Leg,1,Gelsenkirchen,Wednesday,7/17/2024,117,No,No,N/A,,All Pink,Hot Pink,Pink & Orange,Pink Guitar,Pastel,Short Fringe,Sparkly 13,Gold & Black,Ew,Red & Black,Red/Black 2.0,KANNSTE KNICKEN!,Red Black Ombre,Black,Black Sparkles,Champagne,,Purple Sparkles,Red & Black,Snake,Cream,,2:29,Eggplant,Wood Grain,,Yellow,Yellow,Yellow,Yellow,Matching Set,Yellow Ombre,Who's Afraid?,Sparkly Black,Black & Silver,TTPD,White,Graphite,Graphite-Black Trim,Silver,Purple Fur,Iridescent,Cutout,Multicolor,Navy Sparkles,Orange,Yes,Maroon,Fearless,Superstar,folklore,invisible string,,,No,Gold,1989,"""Slut!""",Lover,False God,,
117,Europe Leg,2,Gelsenkirchen,Thursday,7/18/2024,118,No,No,N/A,,Blue & Gold,Black Jacket,Blue & Gold,Blue Guitar,Pastel,Gold/Black Tiger,Sparkly 13,Gold & Black,A Lot Going On,Red & Black,Red/Black 2.0,TRÄUM WEITER!,Red Black Ombre,Black,Black Sparkles,Purple Waves,,Purple Sparkles,Red & Black,Snake,Green,,2:36,Eggplant,Wood Grain,,Purple,Purple,Purple,Purple,Matching Set,Purple Metallic,I Love You,Sparkly Black,Black & Silver,TTPD,White,Black,Silver-Black Trim,Silver,Purple Fur,Pink,Chevron,Blue,Navy Sparkles,New Blue,Yes,Maroon,Speak Now,Speak Now,Fearless,Hey Stephen,,,No,Gold,folklore,this is me trying,Midnights,Labyrinth,,
118,Europe Leg,3,Gelsenkirchen,Friday,7/19/2024,119,No,No,N/A,,Purple Tassles,Indigo Jacket,Blurple Sparkles,Purple Guitar,Pastel,Silver/Black/Gold,Sparkly 13,Gold & Black,Never Ever,Red & Black,Red/Black 2.0,ZIEH LEINE!,Red Black Ombre,Black,Black Sparkles,Purple,,Purple Metallic,Red & Black,Snake,Yellow,,2:41,Eggplant,Wood Grain,,Blue,Pink,Blue,Pink,"Top-Left, Skirt-Right",Blue Ombre,Who's Afraid?,Sparkly White,Pearl,TTPD,White,White-Silver,White-Silver Trim,White,Purple Fur,Purple,Swirls,Magenta,Navy Sparkles,Pink,Yes,Maroon,Lover,Paper Rings,Red,Stay Stay Stay,,,No,Gold,evermore,it's time to go,Red,Better Man,,
119,Europe Leg,1,Hamburg,Tuesday,7/23/2024,120,No,No,N/A,,Pink & Blue,Silver Jacket,Blurple Sparkles,Pink Guitar,Pastel,Silver/Black/Gold,Sparkly 13,Gold & Black,I Bet You Think,Red & Black,Red/Black 2.0,IM LEBEN NICHT!,Red Black Ombre,Black,Black Sparkles,Champagne,,Purple Sparkles,Red & Black,Snake,Berry,,2:36,Eggplant,Wood Grain,,Yellow,Pink,Pink,Yellow,"Skirt-Left, Top-Right",Yellow Ombre,I Love You,Sparkly Black,Black & Silver,TTPD,White,White-Silver,Silver-Black Trim,White,Purple Fur,Blue,Cutout,Multicolor,Navy Sparkles,Orange,Yes,Maroon,Debut,Teardrops on My Guitar,Red,The Last Time,,,Yes,Gold,Fearless,We Were Happy,evermore,happiness,,
120,Europe Leg,2,Hamburg,Wednesday,7/24/2024,121,No,No,N/A,,Pink & Orange,Orange,Pink & Orange,Pink Guitar,Pastel,Gold/Black Tiger,Sparkly 13,Gold & Black,Ew,Red & Black,Red/Black 2.0,AUF GAR KEINEN FALL!,Red Black Ombre,Black,Black Sparkles,Swirls,,Purple Sparkles,Red & Black,Snake,Green,,3:10,Eggplant,Wood Grain,,Purple,Blue,Blue,Purple,"Skirt-Left, Top-Right",Blue Ombre,Who's Afraid?,Black,Black & Silver,TTPD,White,Black,Gold-Black Trim,Gold,Purple Fur,Orchid,Chevron,Magenta,Navy Sparkles,New Blue,Yes,Maroon,folklore,the last great american dynasty,Red,Run,,,No,Gold,Red,Nothing New,Midnights,Dear Reader,,
121,Europe Leg,1,Munich,Saturday,7/27/2024,122,No,No,N/A,,Blue & Gold,Black Jacket,Blue & Gold,Blue Guitar,Pastel,Short Fringe,Sparkly 13,Gold & Black,I Bet You Think,Red & Black,Red/Black 2.0,VERPISS DICH!,Red Black Ombre,Black,Black Sparkles,Purple,,Purple Metallic,Red & Black,Snake,Green,,3:13,Eggplant,Wood Grain,,Blue,Orange,Orange,Blue,"Skirt-Left, Top-Right",Blue Ombre,Who's Afraid?,Sparkly Black,Black & Silver,TTPD,White,Graphite,Graphite-Black Trim,Silver,Purple Fur,Blue,Chevron,Magenta,Navy Sparkles,Pink,Yes,Maroon,TTPD,Fresh Out The Slammer,1989,You Are in Love,,,No,Gold,evermore,ivy,reputation,Call It What You Want,,
122,Europe Leg,2,Munich,Sunday,7/28/2024,123,No,No,N/A,"TN livestreamed during Paramore, 15:13 long",Purple Tassles,Indigo Jacket,Blurple Sparkles,Purple Guitar,Pastel,Long Silver,Sparkly 13,Gold & Black,Taylor's Version,Red & Black,Red/Black 2.0,VERGISS ES!,Red Black Ombre,Black,Black Sparkles,Champagne,,Purple Sparkles,Red & Black,Snake,Berry,,3:37,Eggplant,Wood Grain,,Purple,Yellow,Purple,Yellow,"Top-Left, Skirt-Right",Yellow Ombre,I Love You,Sparkly Black,Black & Silver,TTPD,White,White-Silver,Silver-Black Trim,White,Purple Fur,Silver,Cutout,Blue,Navy Sparkles,Orange,Yes,Maroon,Non-Album,I Don't Wanna Live Forever,TTPD,imgonnagetyouback,,,No,Gold,TTPD,loml,Fearless,Don't You,,
123,Europe Leg,1,Warsaw,Thursday,8/1/2024,124,No,No,N/A,,Pink & Blue,Silver Jacket,Blurple Sparkles,Pink Guitar,Pastel,Silver/Black/Gold,Sparkly 13,Gold & Black,A Lot Going On,Red & Black,Red/Black 2.0,NIGDY PRZENIGDY!,Red Black Ombre,Black,Black Sparkles,Purple Waves,,Purple Metallic,Red & Black,Snake,Cream,,3:02,Eggplant,Wood Grain,,Yellow,Pink,Yellow,Pink,"Top-Left, Skirt-Right",Yellow Ombre,Who's Afraid?,Sparkly White,Pearl,TTPD,White,White-Silver,White-Silver Trim,White,Purple Fur,Pink,Chevron,Blue,Navy Sparkles,New Blue,Yes,Maroon,folklore,mirrorball,TTPD,Clara Bow,,,No,Gold,1989,Suburban Legends,reputation,New Year's Day,,
124,Europe Leg,2,Warsaw,Friday,8/2/2024,125,No,No,N/A,,All Pink,Hot Pink,Pink & Orange,Pink Guitar,Pastel,Gold/Black Tiger,Sparkly 13,Gold & Black,Ew,Red & Black,Red/Black 2.0,ŻARTUJESZ!,Red Black Ombre,Black,Black Sparkles,Swirls,,Purple Sparkles,Red & Black,Snake,Green,,2:37,Eggplant,Wood Grain,,Green,Blue,Green,Blue,"Top-Left, Skirt-Right",Green Ombre,I Love You,Black,Black & Gold,TTPD,White,Black,Gold-Black Trim,Gold,Purple Fur,Iridescent,Cutout,Multicolor,Navy Sparkles,Orange,Yes,Maroon,TTPD,I Can Fix Him (No Really I Can),Speak Now,I Can See You,,,No,Gold,Red,Red,Midnights,Maroon,,
125,Europe Leg,3,Warsaw,Saturday,8/3/2024,126,No,No,N/A,,Pink & Orange,Orange,Pink & Orange,Pink Guitar,Pastel,Short Fringe,Sparkly 13,Gold & Black,I Bet You Think,Red & Black,Red/Black 2.0,CHYBA ŚNISZ!,Red Black Ombre,Black,Black Sparkles,Champagne,,Purple Sparkles,Red & Black,Snake,Yellow,,2:33,Eggplant,Wood Grain,,Pink,Purple,Purple,Pink,"Skirt-Left, Top-Right",Purple Metallic,Who's Afraid?,Sparkly Black,Black & Silver,TTPD,White,Graphite,Graphite-Black Trim,Silver,Purple Fur,Purple,Chevron,Magenta,Navy Sparkles,Pink,Yes,Maroon,Fearless,Today Was a Fairytale,Lover,I Think He Knows,,,No,Gold,TTPD,The Black Dog,folklore,exile,,
126,Europe Leg,1,Vienna,Thursday,8/8/2024,127,,,,"Vienna shows canceled due to terrorist threats. Vienna swifties, my heart goes out to you!! ",,,,,,,,,,,,,,,,,,,,,,,,,,,,,,,,,,,,,,,,,,,,,,,,,,,,,,,,,,,,,,
127,Europe Leg,2,Vienna,Friday,8/9/2024,128,,,,,,,,,,,,,,,,,,,,,,,,,,,,,,,,,,,,,,,,,,,,,,,,,,,,,,,,,,,,,,,,,,
128,Europe Leg,3,Vienna,Saturday,8/10/2024,129,,,,,,,,,,,,,,,,,,,,,,,,,,,,,,,,,,,,,,,,,,,,,,,,,,,,,,,,,,,,,,,,,,
129,Europe Leg,1,London,Thursday,8/15/2024,127,Yes,No,N/A,"Special Guest Ed Sheeran to sing Everything Has Changed, End Game, and Thinking Out Loud.",Pink & Blue,Silver Jacket,Blurple Sparkles,Pink Guitar,Pastel,Silver/Black/Gold,Long Silver,Gold & Black,A Lot Going On,Red & Black,Red/Black 2.0,ARE YOU MAD,Red Black Ombre,Black,Black Sparkles,Purple,,Purple Metallic,Red & Black,Snake,Green,,2:52,Eggplant,Wood Grain,,Green,Pink,Green,Pink,"Top-Left, Skirt-Right",Green Ombre,Who's Afraid?,Black,Black & Gold,TTPD,White,Black,Gold-Black Trim,Gold,Purple Fur,Blue,Chevron,Magenta,Navy Sparkles,New Blue,Yes,Maroon,Red,Everything Has Changed,Reputation,End Game,Non-Album,Thinking Out Loud,No,Gold,reputation,King of My Heart,TTPD,The Alchemy,,
130,Europe Leg,2,London,Friday,8/16/2024,128,No,No,,,Purple Tassles,Indigo Jacket,Blurple Sparkles,Purple Guitar,Pastel,Long Gold,Sparkly 13,Gold & Black,Ew,Red & Black,Red/Black 2.0,WHAT A KNOBHEAD,Red Black Ombre,Black,Black Sparkles,Champagne,,Purple Sparkles,Red & Black,Snake,Cream,,3:41,Eggplant,Wood Grain,,Yellow,Blue,Yellow,Blue,"Top-Left, Skirt-Right",Yellow Ombre,I Love You,Sparkly White,Pearl,TTPD,White,White-Silver,White-Silver Trim,Silver Rhinestone,Purple Fur,Silver,Moonstone,Blue,Navy Sparkles,Pink,Yes,Maroon,Lover,London Boy,,,,,No,Gold,Speak Now,Dear John,Red,Sad Beautiful Tragic,,
131,Europe Leg,3,London,Saturday,8/17/2024,129,No,No,,,Blue & Gold,Black Jacket,Blue & Gold,Blue Guitar,Pastel,Gold/Black Tiger,Sparkly 13,Gold & Black,Trouble,Red & Black,Red/Black 2.0,NAH BRUV,Red Black Ombre,Black,Black Sparkles,Blue,,Purple Sparkles,Red & Black,Snake,Yellow,,3:37,Eggplant,Wood Grain,,Orange,Purple,Purple,Orange,"Skirt-Left, Top-Right",Pink & Orange,Who's Afraid?,Sparkly Black,Black & Silver,TTPD,White,Graphite,Graphite-Black Trim,Silver,Purple Fur,Orchid,Chevron,Multicolor,Navy Sparkles,Orange,Yes,,reputation,I Did Something Bad,,,,,No,,TTPD,My Boy Only Breaks His Favorite Toys,evermore,coney island,,
132,Europe Leg,4,London,Monday,8/19/2024,130,No,No,N/A,"Evermore piano issues. Taylor said after 6 mins in the rain, she declares it a rain show. Also the 10th YOYOK",All Pink,Hot Pink,Pink & Orange,Pink Guitar,Pastel,Long Silver,Sparkly 13,Gold & Black,Taylor's Version,Red & Black,Red/Black 2.0,ARE YOU HAVING A LAUGH,Red Black Ombre,Black,Black Sparkles,Purple Waves,,Purple Metallic,Red & Black,Snake,Blue,,2:58,Eggplant,Wood Grain,,Blue,Orange,Orange,Blue,"Skirt-Left, Top-Right",Blue Ombre,I Love You,Sparkly Black,Black & Silver,TTPD,White,Black,Silver-Black Trim,White,Purple Fur,Pink,Moonstone,Magenta,Navy Sparkles,Pink,Yes,,Speak Now,Long Live,Fearless,Change,,,No,,Lover,The Archer,Midnights,"You're On Your Own, Kid",,
133,Europe Leg,5,London,Tuesday,8/20/2024,131,Yes,Yes,N/A,"""Florida!!!"" feat. Florence Welch played after So High School. Guitar song with Jack Antonoff. ICDIWABH MV announced!",Pink & Orange,Orange,Pink & Orange,Pink Guitar,Pastel,Short Fringe,Sparkly 13,Gold & Black,I Bet You Think,Red & Black,Red/Black 2.0,GET OUT OF MY PUB!,Red Black Ombre,Black,Black Sparkles,Swirls,,Purple Sparkles,Red & Black,Snake,Berry,,3:48,Eggplant,Wood Grain,,Pink,Yellow,Pink,Yellow,"Top-Left, Skirt-Right",Yellow Ombre,Who's Afraid?,Sparkly White,Pearl,TTPD,White,White-Silver,White-Silver Trim,Silver Rhinestone,Purple Fur,Purple,Chevron,Blue,Navy Sparkles,Orange,Yes,,Lover,Death by a Thousand Cuts,reputation,Getaway Car,,,Yes,,TTPD,"So Long, London",,,,
134,North America Leg 2,1,"Miami, FL",Friday,10/18/2024,132,Yes,Yes,N/A,"""Florida!!!"" feat. Florence Welch played after So High School. New lover necklace, fearless bodysuit, rep bodysuit, surprise song dress, and midnights shirt.",Pink & Orange,Orange,Pink & Orange,Pink Guitar,Pastel,Blue & Silver,Sparkly 13,Blurple Sparkles,A Lot Going On,Red & Black,Red/Black 2.0,PERO LIKE NEVER!,Red Black Ombre,Black,Black Sparkles,Swirls,,Purple Sparkles,Gold & Black,Snake,Berry,,2:39,Eggplant,Wood Grain,,Orange,Green,Orange,Green,"Top-Left, Skirt-Right",Green Ombre,Who's Afraid?,Sparkly White,Pearl,TTPD,White,White-Silver,White-Silver Trim,Silver Rhinestone,Lavender Fur,Purple Sequin,Moonstone,Magenta,Navy Sparkles,Betta Fish,Yes,,Debut,Tim McGraw,Speak Now,Timeless,,,No,,folklore,this is me trying,Lover,Daylight,,
135,North America Leg 2,2,"Miami, FL",Saturday,10/19/2024,133,Yes,No,N/A,New Speak Now gown and Acoustic set dress.,Blue & Gold,Black Jacket,Blurple Sparkles,Blue Guitar,Pastel,Silver/Black/Gold,Sparkly 13,Gold & Black,Taylor's Version,Red & Black,Red/Black 2.0,LITERALLY NEVER!,Red Black Ombre,Black,Black Sparkles,Teal Sparkles,,Purple Sparkles,Gold & Black,Snake,Green,,3:21,Eggplant,Wood Grain,,Yellow,Pink,Yellow,Pink,"Top-Left, Skirt-Right",Yellow Ombre,Who's Afraid?,Sparkly Black,Black & Gold,TTPD,White,Black,Gold-Black Trim,Gold,Lavender Fur,Blue/Silver Sequin,Chevron,Blue,Navy Sparkles,Blurple,Yes,,Debut,Should've Said No,reputation,I Did Something Bad,,,No,,TTPD,loml,Fearless,White Horse,,
136,North America Leg 2,3,"Miami, FL",Sunday,10/20/2024,134,Yes,No,N/A,One backing vocalist was sick. New suprise song dress.,Purple Tassles,Indigo Jacket,Blurple Sparkles,Purple Guitar,Pastel,Gold/Black Tiger,Sparkly 13,Gold & Black,I Bet You Think,Red & Black,Red/Black 2.0,"Irregardless, NO!",Red Black Ombre,Black,Black Sparkles,Purple,,Purple Sparkles,Gold & Black,Snake,Yellow,,2:46,Eggplant,Wood Grain,,Blue,Purple,Purple,Blue,"Top-Left, Skirt-Right",Purple Metallic,Who's Afraid?,White,Black & Silver,TTPD,White,White-Silver,Silver-Black Trim,Silver Rhinestone,Lavender Fur,Orchid,Moonstone,Multicolor,Navy Sparkles,Sunrise Blvd,Yes,,1989,Out of the Woods,1989,All You Had to Do Was Stay,,,No,,folklore,mirrorball,TTPD,Guilty as Sin?,,
137,North America Leg 2,1,"New Orleans, LA",Friday,10/25/2024,135,No,No,N/A,New acoustic set dress,Pink & Blue,Silver Jacket,Blurple Sparkles,Pink Guitar,Pastel,Short Fringe,Sparkly 13,Gold & Black,Ew,Red & Black,Red/Black 2.0,OH NO BABY!,Red Black Ombre,Black,Black Sparkles,Purple Waves,,Purple Metallic,Gold & Black,Snake,Yellow,,3:17,Eggplant,Wood Grain,,Purple,Yellow,Green,Green,Not Matching,Yellow Ombre,I Love You,Sparkly White,Pearl,TTPD,White,White-Silver,White-Silver Trim,White,Lavender Fur,Blue/Silver Sequin,Chevron,Multicolor,Navy Sparkles,Rocketpop,Yes,,Debut,Our Song,reputation,Call It What You Want,,,No,,TTPD,The Black Dog,Speak Now,Haunted,,
138,North America Leg 2,2,"New Orleans, LA",Saturday,10/26/2024,136,Yes,No,N/A,"Taylor called Sabrina Carpenter on stage, Sabrina joins Taylor to sing Espresso x IION? x Please Please Please.",All Pink,Hot Pink,Pink & Orange,Pink Guitar,Pastel,Blue & Silver,Sparkly 13,Blurple Sparkles,Trouble,Red & Black,Red/Black 2.0,UH UH AIN'T GONNA HAPPEN.,Red Black Ombre,Black,Black Sparkles,Teal Sparkles,,Purple Sparkles,Gold & Black,Snake,Berry,,2:38,Eggplant,Wood Grain,,Yellow,Yellow,Yellow,Yellow,Matching Set,Yellow Ombre,Who's Afraid?,Sparkly Black,Black & Gold,TTPD,White,Gold & Black,Gold-Black Trim,Gold,Lavender Fur,Purple Sequin,Moonstone,Magenta,Navy Sparkles,Orange,Yes,,Non-Album,Espresso,1989,Is It Over Now?,Non-Album,Please Please Please,No,,Midnights,Hits Different,1989,Welcome to New York,,
139,North America Leg 2,3,"New Orleans, LA",Sunday,10/27/2024,137,No,No,N/A,,Purple Tassles,Indigo Jacket,Blurple Sparkles,Purple Guitar,Pastel,Long Silver,Sparkly 13,Gold & Black,A Lot Going On,Red & Black,Red/Black 2.0,SHE SAID WHAT SHE SAID!,Red Black Ombre,Black,Black Sparkles,Champagne,,Purple Sparkles,Gold & Black,Snake,Green,,3:47,Eggplant,Wood Grain,,Blue,Purple,Pink,Pink,Not Matching,Purple Metallic,I Love You,Sparkly Black,Black & Silver,TTPD,White,Black,Graphite-Black Trim,Silver Rhinestone,Lavender Fur,Orchid,Cutout,Blue,Navy Sparkles,Blurple,Yes,,Lover,Afterglow,Reputation,Dress,,,No,,1989,How You Get The Girl,1989,Clean,,
140,North America Leg 2,1,"Indianapolis, IN",Friday,11/1/2024,138,No,No,N/A,,Blue & Gold,Black Jacket,Blue & Gold,Blue Guitar,Pastel,Gold/Black Tiger,Sparkly 13,Gold & Black,I Bet You Think,Red & Black,Red/Black 2.0,NO YEA NO!,Red Black Ombre,Black,Black Sparkles,Purple,,Purple Sparkles,Gold & Black,Snake,Berry,,3:38,Eggplant,Wood Grain,,Pink,Pink,Pink,Pink,Matching Set,Pink & Orange,Who's Afraid?,Sparkly White,Pearl,TTPD,White,White-Silver,White-Silver Trim,White,Lavender Fur,Silver,Chevron,Blue,Navy Sparkles,Betta Fish,Yes,,TTPD,The Albatross,Red,Holy Ground,,,No,,Debut,Cold As You,folklore,exile,,
141,North America Leg 2,2,"Indianapolis, IN",Saturday,11/2/2024,139,No,No,N/A,,Pink & Orange,Orange,Pink & Orange,Pink Guitar,Pastel,Blue & Silver,Sparkly 13,Gold & Black,Ew,Red & Black,Red/Black 2.0,OPE NO!,Red Black Ombre,Black,Black Sparkles,Teal Sparkles,,Purple Sparkles,Gold & Black,Snake,Green,,3:13,Eggplant,Wood Grain,,Yellow,Orange,Yellow,Orange,Not Matching,Yellow Ombre,I Love You,Sparkly Black,Black & Gold,TTPD,White,Gold & Black,Gold-Black Trim,Gold,Lavender Fur,Orchid,Moonstone,Magenta,Navy Sparkles,Rocketpop,Yes,,TTPD,The Prophecy,1989,This Love,,,No,,Midnights,Maroon,evermore,cowboy like me,,
142,North America Leg 2,3,"Indianapolis, IN",Sunday,11/3/2024,140,No,No,N/A,,Pink & Blue,Silver Jacket,Blurple Sparkles,Pink Guitar,Pastel,Silver/Black/Gold,Sparkly 13,Gold & Black,A Lot Going On,Red & Black,Red/Black 2.0,SCRAM!!!,Red Black Ombre,Black,Black Sparkles,Swirls,,Purple Sparkles,Gold & Black,Snake,Yellow,,3:53,Eggplant,Wood Grain,,Purple,Purple,Purple,Purple,Matching Set,,Who's Afraid?,Sparkly Black,Black & Silver,TTPD,White,Black,Silver-Black Trim,Silver,Lavender Fur,Purple Sequin,Cutout,Multicolor,Navy Sparkles,Sunrise Blvd,Yes,,Lover,Cornelia Street,TTPD,The Bolter,,,No,,Lover,Death by a Thousand Cuts,Midnights,The Great War,,
143,North America Leg 2,1,Toronto,Thursday,11/14/2024,141,,,N/A,,,,,,,,,,,,,,,,,,,,,,,,,,,,,,,,,,,,,,,,,,,,,,,,,,,,,,,,,,,,,,,
144,North America Leg 2,2,Toronto,Friday,11/15/2024,142,,,N/A,,,,,,,,,,,,,,,,,,,,,,,,,,,,,,,,,,,,,,,,,,,,,,,,,,,,,,,,,,,,,,,
145,North America Leg 2,3,Toronto,Saturday,11/16/2024,143,,,N/A,,,,,,,,,,,,,,,,,,,,,,,,,,,,,,,,,,,,,,,,,,,,,,,,,,,,,,,,,,,,,,,
146,North America Leg 2,4,Toronto,Thursday,11/21/2024,144,,,N/A,,,,,,,,,,,,,,,,,,,,,,,,,,,,,,,,,,,,,,,,,,,,,,,,,,,,,,,,,,,,,,,
147,North America Leg 2,5,Toronto,Friday,11/22/2024,145,,,N/A,,,,,,,,,,,,,,,,,,,,,,,,,,,,,,,,,,,,,,,,,,,,,,,,,,,,,,,,,,,,,,,
148,North America Leg 2,6,Toronto,Saturday,11/23/2024,149,,,N/A,,,,,,,,,,,,,,,,,,,,,,,,,,,,,,,,,,,,,,,,,,,,,,,,,,,,,,,,,,,,,,,
149,North America Leg 2,1,Vancouver,Friday,12/6/2024,147,,,N/A,,,,,,,,,,,,,,,,,,,,,,,,,,,,,,,,,,,,,,,,,,,,,,,,,,,,,,,,,,,,,,,
150,North America Leg 2,2,Vancouver,Saturday,12/7/2024,148,,,N/A,,,,,,,,,,,,,,,,,,,,,,,,,,,,,,,,,,,,,,,,,,,,,,,,,,,,,,,,,,,,,,,
151,North America Leg 2,3,Vancouver,Sunday,12/8/2024,149,,,N/A,,,,,,,,,,,,,,,,,,,,,,,,,,,,,,,,,,,,,,,,,,,,,,,,,,,,,,,,,,,,,,,
